,APG,DBPM,Exp,FG2_pct,FG3_pct,GP,Height,MPG,OBPM,PPG,Player,Pos,RPG,Salary,Salary5,TPG,Team,USG,Year,pct_from_3
0,4.6,2.6,4,0.441,0.32,71,6-0,42.0,5.0,31.1,Allen Iverson,SG,3.8,10130000,14625000,3.3,PHI,35.9,2001,0.16899999999999998
1,0.5,0.3,1,0.474,0.33299999999999996,65,6-8,13.3,0.2,4.7,Jumaine Jones,SF,2.9,735600,1687500,0.6,PHI,17.6,2001,0.218
2,1.9,0.4,7,0.47200000000000003,0.41,48,6-10,20.4,0.8,8.0,Toni Kukoc,SF,3.4,6000000,3000000,1.3,PHI,19.8,2001,0.23600000000000002
3,1.7,2.6,7,0.46299999999999997,0.263,82,6-8,32.3,0.9,8.4,George Lynch,SF,7.2,2200000,3000000,1.3,PHI,13.7,2001,0.09300000000000001
4,5.0,1.0,6,0.524,0.312,76,6-5,31.5,0.9,11.6,Aaron McKie,SG,4.1,1818000,5500000,2.7,PHI,18.9,2001,0.23800000000000002
5,0.1,0.9,2,0.466,0.33299999999999996,30,6-10,6.5,4.9,3.2,Nazr Mohammed,C,1.8,739080,5250000,0.3,PHI,25.2,2001,0.0
6,1.2,4.9,5,0.499,0.263,50,6-10,36.0,0.8,12.4,Theo Ratliff,C,8.3,7800000,10937500,2.5,PHI,17.0,2001,0.0
7,7.4,0.3,5,0.425,0.263,50,6-3,34.8,0.8,9.8,Eric Snow,PG,3.3,3380000,4875000,2.5,PHI,16.3,2001,0.044000000000000004
8,1.6,1.8,4,0.39399999999999996,0.336,82,6-7,32.7,3.2,7.6,Bruce Bowen,SF,3.0,733000,3000000,0.9,MIA,13.1,2001,0.528
9,3.7,0.7,1,0.43,0.15,72,6-1,22.6,1.4,6.4,Anthony Carter,PG,2.5,1200000,807546,1.7,MIA,19.2,2001,0.083
10,1.6,1.3,2,0.39299999999999996,1.0,7,6-6,10.0,1.4,4.6,Ricky Davis,SG,1.0,939360,5455200,0.7,MIA,26.0,2001,0.034
11,1.2,1.0,6,0.48,0.0,82,6-9,33.8,3.2,15.2,Brian Grant,C,8.8,8900000,13233434,2.1,MIA,23.4,2001,0.001
12,6.3,1.9,10,0.41700000000000004,0.366,77,6-0,33.9,3.2,14.9,Tim Hardaway,PG,2.6,12000000,1304520,2.5,MIA,24.3,2001,0.496
13,1.0,1.4,R,0.44299999999999995,0.345,50,6-1,11.0,1.4,5.0,Eddie House,PG,0.8,316969,563327,0.7,MIA,26.2,2001,0.223
14,2.7,1.9,6,0.47100000000000003,0.37799999999999995,63,6-6,36.2,2.4,17.4,Eddie Jones,SG,4.6,8960000,13455000,2.1,MIA,23.9,2001,0.273
15,0.9,2.4,8,0.521,0.0,13,6-10,23.5,1.4,13.6,Alonzo Mourning,C,7.8,16880000,2500000,2.2,MIA,30.6,2001,0.006999999999999999
16,0.5,1.9,3,0.5,0.0,15,6-4,4.4,4.3,1.3,Rick Brunson,PG,0.8,523500,932546,0.5,NYK,21.9,2001,0.158
17,0.8,4.1,4,0.53,0.125,63,6-11,33.8,0.1,12.0,Marcus Camby,C,11.5,5750000,8500000,1.0,NYK,17.0,2001,0.013999999999999999
18,2.2,4.1,7,0.467,0.381,78,6-6,36.6,1.2,18.7,Allan Houston,SG,3.6,9000000,17531250,2.1,NYK,25.7,2001,0.209
19,1.2,4.1,11,0.46,0.389,75,6-7,29.5,0.3,12.0,Glen Rice,SF,4.1,7578900,400000,1.3,NYK,20.5,2001,0.281
20,3.5,1.1,8,0.446,0.304,77,6-5,39.2,1.2,17.7,Latrell Sprewell,SF,4.5,10125000,14625000,2.8,NYK,25.8,2001,0.111
21,1.0,1.0,4,0.28600000000000003,0.34,28,6-3,15.0,4.3,4.3,Erick Strickland,PG,1.9,2560000,1650000,0.8,NYK,19.1,2001,0.359
22,0.8,2.1,5,0.512,0.33299999999999996,77,6-9,27.6,0.0,10.4,Kurt Thomas,PF,6.7,3680000,5884500,1.3,NYK,18.5,2001,0.005
23,4.5,0.7,6,0.444,0.38299999999999995,61,6-2,24.5,1.1,7.1,Charlie Ward,PG,2.6,5040000,1700000,1.8,NYK,16.9,2001,0.469
24,7.0,4.4,6,0.451,0.355,75,6-0,36.9,4.0,15.9,Darrell Armstrong,PG,4.6,3100000,2275000,2.7,ORL,21.0,2001,0.402
25,0.5,1.6,5,0.5539999999999999,0.20199999999999999,67,6-10,13.5,0.3,3.9,Andrew DeClercq,C,3.5,1920000,2500000,0.8,ORL,13.7,2001,0.0
26,0.8,1.6,2,0.42,0.0,77,6-11,18.2,0.3,6.4,Michael Doleac,C,3.5,1452000,2400000,0.8,ORL,19.4,2001,0.006
27,0.7,1.6,2,0.358,0.433,76,6-9,20.8,0.3,8.3,Pat Garrity,SF,2.8,1019280,2937500,0.9,ORL,19.2,2001,0.389
28,6.3,0.0,6,0.429,1.0,4,6-8,33.3,0.3,13.8,Grant Hill,SF,6.3,9660000,15694250,2.8,ORL,21.8,2001,0.023
29,2.2,1.6,3,0.392,0.20199999999999999,75,6-1,13.4,0.3,4.8,Troy Hudson,PG,1.4,523500,4903000,1.2,ORL,22.4,2001,0.293
30,4.6,0.9,3,0.46799999999999997,0.355,77,6-8,40.1,4.7,26.8,Tracy McGrady,SG,7.5,9660000,14487000,2.6,ORL,31.2,2001,0.096
31,1.7,1.6,R,0.457,0.40700000000000003,82,6-8,29.1,1.1,11.9,Mike Miller,SF,4.0,2320080,6000000,1.2,ORL,18.5,2001,0.431
32,2.8,4.4,7,0.615,0.5,80,6-8,31.7,0.3,7.3,Bo Outlaw,PF,7.7,4500000,1059756,1.8,ORL,10.6,2001,0.005
33,4.1,1.8,9,0.397,0.33299999999999996,33,6-0,25.7,0.2,7.5,Kenny Anderson,PG,2.2,7520000,1100000,1.6,BOS,16.6,2001,0.145
34,0.4,1.8,3,0.545,0.0,40,6-11,21.1,0.2,6.5,Tony Battie,C,5.8,3200000,4800000,0.9,BOS,14.4,2001,0.015
35,0.5,2.6,R,0.505,0.29100000000000004,64,7-0,17.2,0.2,3.9,Mark Blount,C,3.6,316969,4903000,1.0,BOS,12.0,2001,0.0
36,0.6,0.4,1,0.33799999999999997,0.34600000000000003,44,6-5,8.6,0.2,2.1,Adrian Griffin,SF,2.0,498500,870046,0.4,BOS,15.1,2001,0.268
37,0.7,0.4,4,0.371,0.33899999999999997,60,6-10,8.0,0.2,2.2,Walter McCarty,PF,1.4,2670000,1337500,0.3,BOS,15.0,2001,0.444
38,0.1,,R,0.414,0.0,24,6-10,5.6,,1.5,Jerome Moiso,C,1.8,1461960,1760000,0.8,BOS,20.0,2001,0.033
39,2.6,2.6,1,0.494,0.33299999999999996,58,6-3,19.7,0.2,5.9,Milt Palacio,PG,1.8,316969,807546,1.4,BOS,15.4,2001,0.135
40,3.1,2.6,2,0.478,0.38299999999999995,82,6-7,38.0,3.7,25.3,Paul Pierce,SF,6.4,1608840,12584688,3.2,BOS,30.6,2001,0.254
41,0.8,2.6,4,0.47600000000000003,0.0,82,6-10,23.2,0.2,7.5,Vitaly Potapenko,C,6.0,4290000,6191250,1.3,BOS,16.6,2001,0.0
42,5.5,0.6,4,0.439,0.36700000000000005,81,6-8,41.9,3.2,23.4,Antoine Walker,PF,8.9,10130000,14625000,3.7,BOS,29.1,2001,0.35100000000000003
43,1.4,2.6,5,0.375,0.331,81,6-8,21.5,0.2,6.6,Eric Williams,SF,2.6,3890000,3580000,0.9,BOS,16.3,2001,0.31
44,2.8,0.2,10,0.33299999999999996,0.28600000000000003,31,6-5,28.8,,9.1,Kendall Gill,SG,4.2,7000000,912195,1.5,NJN,20.9,2001,0.043
45,1.8,1.7,7,0.445,0.348,73,6-5,28.4,0.2,9.4,Lucious Harris,SG,3.9,2160000,2500000,0.9,NJN,16.4,2001,0.212
46,1.8,1.7,R,0.45799999999999996,0.335,77,6-8,21.6,,8.2,Stephen Jackson,SF,2.7,316969,5100000,1.7,NJN,20.8,2001,0.271
47,7.6,0.9,4,0.48100000000000004,0.32799999999999996,67,6-2,38.2,7.0,23.9,Stephon Marbury,PG,3.1,10130000,14625000,2.9,NJN,29.7,2001,0.262
48,1.9,1.9,R,0.45,0.091,68,6-9,33.4,0.2,12.0,Kenyon Martin,PF,7.4,3536640,9454546,2.0,NJN,19.9,2001,0.013999999999999999
49,1.3,2.2,3,0.185,0.32799999999999996,19,6-4,8.5,,1.2,Kevin Ollie,PG,1.2,523500,2704350,0.5,NJN,12.5,2001,0.0
50,1.7,1.7,3,0.452,0.382,49,6-10,35.4,0.2,17.0,Keith Van Horn,SF,7.1,9000000,14487000,2.1,NJN,23.4,2001,0.24
51,1.1,0.9,6,0.45799999999999996,0.0,82,6-9,28.5,0.2,10.2,Aaron Williams,PF,7.2,2250000,3790257,1.6,NJN,17.8,2001,0.003
52,0.6,3.8,1,0.44,0.16699999999999998,40,6-11,16.0,1.3,4.5,Calvin Booth,C,4.4,423500,5900700,0.9,WAS,15.6,2001,0.0
53,2.9,2.0,1,0.46,0.27399999999999997,78,6-6,32.3,0.9,18.1,Richard Hamilton,SF,3.1,1973880,7812500,2.6,WAS,28.1,2001,0.11699999999999999
54,2.9,2.0,6,0.474,0.389,54,6-9,36.7,0.3,18.2,Juwan Howard,PF,7.0,16875000,5408700,3.1,WAS,24.9,2001,0.0
55,0.3,0.7,2,0.499,0.0,68,6-9,23.7,1.8,8.6,Jahidi White,C,7.7,3922000,6166466,2.0,WAS,18.9,2001,0.002
56,4.6,2.1,4,0.506,0.433,82,6-5,38.2,6.5,22.0,Ray Allen,SG,5.2,10130000,14625000,2.5,MIL,24.4,2001,0.35700000000000004
57,1.8,2.5,1,0.40700000000000003,0.267,37,6-2,7.8,7.5,2.1,Rafer Alston,PG,0.8,423500,3500000,0.5,MIL,17.2,2001,0.35700000000000004
58,7.6,2.1,7,0.49,0.306,76,6-3,35.6,2.9,18.2,Sam Cassell,PG,3.8,4000000,6250000,2.9,MIL,24.9,2001,0.087
59,0.9,1.6,3,0.48100000000000004,0.667,29,6-7,18.6,7.5,3.8,Darvin Ham,SF,4.2,1700000,932546,1.1,MIL,11.3,2001,0.038
60,1.0,0.8,R,1.0,0.267,1,6-3,10.0,7.5,2.0,Jason Hart,PG,0.0,316969,242640,2.0,MIL,13.6,2001,0.0
61,2.7,2.1,7,0.38799999999999996,0.373,82,6-2,24.4,2.3,10.1,Lindsey Hunter,PG,2.1,2650000,1600000,0.8,MIL,20.2,2001,0.52
62,0.5,2.1,7,0.545,0.25,82,6-11,24.2,7.5,3.2,Ervin Johnson,C,7.5,2700000,4837633,0.6,MIL,6.5,2001,0.0
63,0.1,2.5,R,0.34299999999999997,0.267,33,7-1,8.2,7.5,0.8,Joel Przybilla,C,2.2,1619880,1500000,0.4,MIL,8.9,2001,0.0
64,0.2,0.8,R,0.313,0.0,6,6-6,5.8,7.5,2.2,Michael Redd,SG,0.7,316969,3000000,0.2,MIL,29.3,2001,0.158
65,3.3,2.1,6,0.493,0.299,76,6-7,37.0,1.3,22.0,Glenn Robinson,SF,6.9,8120000,507336,2.9,MIL,29.2,2001,0.126
66,1.8,2.1,3,0.44,0.41200000000000003,76,6-10,27.4,1.5,12.6,Tim Thomas,PF,4.1,8510000,12900000,1.5,MIL,21.3,2001,0.34299999999999997
67,0.5,0.1,10,0.47600000000000003,0.25,66,6-10,19.3,7.5,6.1,Scott Williams,C,5.5,4200000,1600000,0.6,MIL,15.4,2001,0.011000000000000001
68,3.9,2.2,2,0.47700000000000004,0.408,75,6-6,39.7,7.7,27.6,Vince Carter,SF,5.5,2425440,12584688,2.2,TOR,30.7,2001,0.24
69,1.4,0.8,7,0.434,0.0,78,6-9,35.0,0.9,13.7,Antonio Davis,C,10.1,5500000,12925000,1.7,TOR,19.5,2001,0.001
70,1.3,2.8,R,0.447,0.382,80,6-7,22.6,1.0,9.3,Morris Peterson,SG,3.2,898560,4400000,1.0,TOR,20.1,2001,0.245
71,5.0,2.8,3,0.451,0.306,82,6-5,29.2,0.9,9.8,Alvin Williams,SG,2.6,2100000,6300000,1.3,TOR,17.4,2001,0.141
72,0.8,0.9,5,0.474,0.0,42,6-7,21.1,1.0,9.3,Corliss Williamson,SF,3.6,3940000,5500000,1.5,TOR,22.6,2001,0.006
73,0.6,0.9,15,0.46399999999999997,0.0,35,7-0,22.0,1.0,8.8,Kevin Willis,C,6.4,2870000,1300000,1.1,TOR,20.0,2001,0.006999999999999999
74,1.6,2.8,7,0.447,0.0,80,6-11,35.1,0.6,8.5,P.J. Brown,C,9.3,5740000,8000000,1.4,CHH,12.5,2001,0.006999999999999999
75,1.3,1.9,10,0.44299999999999995,0.0,78,6-11,30.0,0.6,13.1,Elden Campbell,PF,7.8,8050000,4400000,1.8,CHH,22.8,2001,0.006999999999999999
76,1.1,0.5,10,0.377,0.392,34,6-10,20.1,0.6,8.1,Derrick Coleman,PF,5.4,8000000,4500000,1.2,CHH,22.8,2001,0.2
77,7.3,1.1,1,0.474,0.31,82,6-3,38.9,2.2,13.8,Baron Davis,PG,5.0,2916000,12330000,2.8,CHH,19.2,2001,0.28600000000000003
78,0.4,1.4,R,0.45399999999999996,0.0,74,6-11,14.8,0.6,4.6,Jamaal Magloire,C,4.0,975000,8533333,0.8,CHH,16.7,2001,0.006999999999999999
79,0.6,0.2,R,0.489,0.0,42,6-9,11.2,0.6,3.9,Lee Nailon,SF,2.2,316969,835810,0.6,CHH,17.9,2001,0.006999999999999999
80,4.4,0.4,7,0.434,0.376,82,6-0,37.9,1.4,17.2,David Wesley,SG,2.7,2880000,4455000,2.1,CHH,23.1,2001,0.20800000000000002
81,0.5,0.9,1,0.379,0.268,59,6-11,9.7,7.6,3.3,Jonathan Bender,SF,1.3,2380680,6525000,0.7,IND,21.0,2001,0.22
82,6.1,0.7,5,0.449,0.381,77,5-11,31.9,1.6,11.9,Travis Best,PG,2.9,3500000,1000000,1.6,IND,19.3,2001,0.12300000000000001
83,1.1,1.1,3,0.41700000000000004,0.33799999999999997,81,6-9,23.1,7.6,10.1,Austin Croshere,PF,4.8,5300000,8260000,1.7,IND,23.4,2001,0.295
84,0.5,1.1,1,0.47600000000000003,0.28600000000000003,71,6-11,16.2,7.6,3.5,Jeff Foster,C,5.5,922080,4500000,0.7,IND,12.4,2001,0.033
85,1.7,0.7,2,0.44799999999999995,0.14300000000000002,78,6-9,24.3,7.6,7.5,Al Harrington,PF,4.9,797880,6325000,1.9,IND,18.8,2001,0.013000000000000001
86,3.2,2.7,13,0.48700000000000004,0.366,81,6-7,39.3,3.9,18.9,Reggie Miller,SG,3.5,10670000,5500000,1.6,IND,21.5,2001,0.395
87,1.2,2.7,4,0.46799999999999997,0.0,81,6-11,32.6,1.6,12.9,Jermaine O'Neal,C,9.8,5710000,14796000,2.0,IND,21.2,2001,0.006
88,6.0,2.7,6,0.47600000000000003,0.33899999999999997,72,6-8,40.9,2.3,20.5,Jalen Rose,SF,5.0,9660000,14487000,2.9,IND,25.5,2001,0.14
89,0.2,0.9,2,0.541,0.0,11,7-2,10.9,7.6,3.9,Bruno Sundov,C,2.1,498500,870046,0.3,IND,18.0,2001,0.098
90,4.1,0.0,1,0.423,0.35700000000000004,81,5-11,29.2,0.3,12.0,Chucky Atkins,PG,2.1,3000000,4200000,1.8,DET,21.2,2001,0.35600000000000004
91,0.2,0.5,R,0.385,0.0,15,6-8,8.4,,2.1,Brian Cardinal,PF,1.5,316969,4903000,0.6,DET,16.5,2001,0.161
92,2.7,1.4,R,0.405,0.294,78,6-2,16.3,0.0,5.4,Mateen Cleaves,PG,1.7,1253400,305784,1.8,DET,20.5,2001,0.043
93,1.9,1.4,6,0.455,0.444,68,6-5,21.8,0.0,5.2,Michael Curry,SG,1.8,2200000,845122,0.9,DET,12.0,2001,0.027999999999999997
94,0.4,1.4,2,0.494,0.0,81,6-11,14.2,0.0,4.4,Mikki Moore,C,3.9,2850000,870046,0.9,DET,15.0,2001,0.004
95,1.1,0.0,5,0.405,0.0,69,6-10,28.1,0.0,12.3,Joe Smith,PF,7.1,2250000,5899400,1.3,DET,21.9,2001,0.006999999999999999
96,5.1,5.7,5,0.418,0.35100000000000003,80,6-6,40.2,5.3,29.8,Jerry Stackhouse,SG,3.9,5310000,7437500,4.1,DET,35.2,2001,0.245
97,1.5,5.7,4,0.49200000000000005,0.25,80,6-9,34.5,0.3,6.4,Ben Wallace,C,13.2,4000000,7000000,1.5,DET,10.4,2001,0.009000000000000001
98,1.0,1.9,4,0.442,0.0,33,6-9,24.4,0.3,7.3,Jerome Williams,PF,8.4,2870000,6187500,1.4,DET,15.5,2001,0.01
99,1.8,2.3,2,0.47700000000000004,0.25,56,6-7,28.8,0.2,11.1,Matt Harpring,SG,4.3,1244880,4690000,1.6,CLE,19.2,2001,0.099
100,0.8,0.0,2,0.491,0.0,24,7-3,25.7,0.9,11.7,Zydrunas Ilgauskas,C,6.7,10130000,14625000,2.5,CLE,24.1,2001,0.009000000000000001
101,4.2,0.3,3,0.133,0.0,6,5-10,15.5,0.9,1.5,Brevin Knight,PG,1.2,4250000,932546,1.2,CLE,12.0,2001,0.0
102,0.3,0.0,R,0.444,0.0,59,7-0,19.8,0.3,7.6,Chris Mihm,C,4.7,1923600,3371393,1.4,CLE,20.4,2001,0.003
103,8.0,1.8,1,0.465,0.266,82,6-3,34.7,3.6,15.8,Andre Miller,PG,4.4,1808400,7366667,3.2,CLE,23.2,2001,0.064
104,1.6,2.3,6,0.434,0.37,78,6-7,28.5,0.2,12.8,Lamond Murray,SF,4.4,3380000,1138500,1.8,CLE,23.5,2001,0.17800000000000002
105,1.5,0.0,6,0.452,0.405,44,6-6,21.8,0.9,7.1,Wesley Person,SG,3.0,5600000,1600000,0.9,CLE,16.3,2001,0.28800000000000003
106,0.9,2.3,2,0.5,0.0,70,6-8,17.3,0.3,5.7,Robert Traylor,C,4.3,2203080,1600000,1.4,CLE,18.0,2001,0.006
107,1.3,1.8,8,0.501,0.23800000000000002,82,6-6,33.8,0.2,11.3,Clarence Weatherspoon,PF,9.7,2100000,5899400,1.4,CLE,15.2,2001,0.0
108,0.7,3.4,5,0.445,0.0,73,6-9,24.8,0.8,10.5,Alan Henderson,PF,5.6,5910000,8273125,1.7,ATL,22.6,2001,0.001
109,2.9,0.4,8,0.341,0.42100000000000004,17,6-6,32.4,,14.3,Jim Jackson,SF,4.6,2330000,2420000,2.8,ATL,24.6,2001,0.175
110,1.4,0.4,3,0.382,0.0,25,6-3,11.2,,2.6,Anthony Johnson,PG,0.9,1200000,2420000,0.8,ATL,15.8,2001,0.042
111,0.8,0.0,R,0.39899999999999997,0.32299999999999995,78,6-9,16.8,0.8,5.1,DerMarr Johnson,SF,2.3,2107200,865063,1.2,ATL,17.7,2001,0.326
112,1.1,3.4,9,0.47700000000000004,0.42100000000000004,49,7-2,35.0,0.8,9.1,Dikembe Mutombo,C,14.1,14400000,4496434,1.9,ATL,13.4,2001,0.0
113,4.9,3.4,1,0.44799999999999995,0.395,82,6-2,37.7,2.9,19.7,Jason Terry,SG,3.3,1579080,7500000,2.9,ATL,25.5,2001,0.23
114,1.2,3.4,4,0.449,0.0,71,6-11,28.0,0.8,12.4,Lorenzen Wright,C,7.5,4950000,7150000,1.8,ATL,23.2,2001,0.002
115,3.2,0.5,1,0.47700000000000004,0.0,74,6-8,39.3,1.7,20.1,Elton Brand,PF,10.1,3629160,12056000,3.0,CHI,26.3,2001,0.002
116,2.3,2.1,R,0.353,0.35,61,6-5,17.2,,4.6,Jamal Crawford,PG,1.5,1762320,5760000,1.4,CHI,17.9,2001,0.385
117,1.1,0.0,R,0.442,0.256,72,6-9,21.9,,9.5,Marcus Fizer,PF,4.3,2562000,735960,1.7,CHI,24.7,2001,0.06
118,3.6,0.0,5,0.465,0.41200000000000003,74,6-4,30.4,1.6,9.1,Fred Hoiberg,SG,4.2,880000,1600000,1.0,CHI,13.2,2001,0.505
119,3.3,0.3,3,0.452,0.304,61,6-7,41.6,1.6,19.7,Ron Mercer,SG,3.9,5520000,1600000,2.1,CHI,24.8,2001,0.040999999999999995
120,1.9,0.0,2,0.43799999999999994,0.2,57,6-11,25.2,,8.9,Brad Miller,C,7.4,4000000,7875000,1.3,CHI,18.1,2001,0.013000000000000001
121,0.9,2.1,1,0.444,0.391,45,6-9,19.5,,2.6,Michael Ruffin,PF,5.8,440000,1670000,1.0,CHI,9.0,2001,0.0
122,0.3,0.4,R,0.44,0.0,16,6-11,8.9,,1.9,Jake Voskuhl,C,2.1,316969,1687500,0.8,CHI,14.0,2001,0.0
123,3.0,0.3,1,0.426,0.29100000000000004,76,6-6,31.1,1.6,11.9,Metta World Peace,SF,3.9,1160760,6157895,2.1,CHI,21.6,2001,0.182
124,3.7,1.0,3,0.42200000000000004,0.39899999999999997,82,6-5,34.9,2.6,15.5,Derek Anderson,SG,4.4,2250000,8443500,2.0,SAS,21.9,2001,0.255
125,3.8,0.7,3,0.496,0.40399999999999997,79,6-4,26.1,2.1,9.4,Antonio Daniels,PG,2.1,2820000,2200000,1.4,SAS,17.5,2001,0.311
126,3.0,3.6,3,0.504,0.259,82,6-11,38.7,1.8,22.2,Tim Duncan,PF,12.2,9660000,14260641,3.0,SAS,28.7,2001,0.019
127,0.2,0.8,R,0.37,0.444,27,6-7,6.8,2.5,2.0,Ira Newble,SF,1.3,316969,2950200,0.3,SAS,17.6,2001,0.16399999999999998
128,0.8,2.5,4,0.447,0.17600000000000002,57,6-7,21.4,0.0,7.7,Malik Rose,PF,5.4,2570000,5462500,1.3,SAS,19.8,2001,0.046
129,0.5,0.9,4,0.48200000000000004,0.33299999999999996,61,6-9,15.8,0.0,5.3,Samaki Walker,PF,4.0,2960000,995046,1.1,SAS,18.3,2001,0.012
130,1.6,1.5,6,0.535,0.32,81,6-9,28.7,2.5,13.6,Donyell Marshall,SF,7.0,5630000,5023850,1.6,UTA,21.7,2001,0.151
131,0.3,2.9,5,0.495,0.5,81,7-2,18.4,1.2,4.5,Greg Ostertag,C,5.1,5200000,4000000,0.8,UTA,12.7,2001,0.006999999999999999
132,0.2,2.2,1,0.382,0.556,27,6-9,4.7,1.2,2.1,Scott Padgett,PF,1.4,730800,807546,0.4,UTA,22.4,2001,0.209
133,2.1,0.4,7,0.45299999999999996,0.413,78,6-7,31.7,2.4,12.0,Bryon Russell,SF,4.2,4570000,1100000,1.4,UTA,17.5,2001,0.32899999999999996
134,0.5,2.2,R,0.38,0.083,40,6-5,7.3,1.2,2.2,DeShawn Stevenson,SG,0.7,828120,2500000,0.7,UTA,21.3,2001,0.132
135,3.9,0.8,3,0.444,0.385,82,6-1,19.8,1.2,6.1,Jacque Vaughn,PG,1.8,1500000,932546,1.6,UTA,16.9,2001,0.198
136,0.5,3.8,7,0.494,0.16699999999999998,82,7-6,24.4,0.0,7.1,Shawn Bradley,C,7.4,8370000,4000000,1.1,DAL,13.9,2001,0.013000000000000001
137,1.3,1.1,1,0.44299999999999995,0.28600000000000003,37,6-4,22.2,3.1,6.2,Greg Buckner,SG,4.2,1100000,870046,0.7,DAL,14.1,2001,0.036000000000000004
138,3.6,3.8,6,0.389,0.39799999999999996,82,6-2,29.6,0.7,9.0,Howard Eisley,SG,2.4,4250000,1100000,1.2,DAL,15.6,2001,0.39899999999999997
139,4.4,0.5,5,0.48100000000000004,0.34600000000000003,82,6-7,42.0,2.5,21.5,Michael Finley,SF,5.2,8400000,14609375,2.3,DAL,24.9,2001,0.16899999999999998
140,1.3,1.2,8,0.513,0.33299999999999996,53,6-11,17.5,0.0,7.5,Christian Laettner,C,4.0,6625000,1100000,1.3,DAL,21.0,2001,0.009000000000000001
141,0.7,0.3,R,0.528,0.33299999999999996,40,6-8,10.8,3.1,3.3,Eduardo Najera,PF,2.4,316969,3809524,0.4,DAL,15.0,2001,0.027000000000000003
142,7.3,3.8,4,0.518,0.406,70,6-3,34.1,4.1,15.6,Steve Nash,PG,3.2,5500000,8750000,2.9,DAL,21.1,2001,0.27699999999999997
143,2.1,0.5,2,0.513,0.387,82,7-0,38.1,4.3,21.8,Dirk Nowitzki,PF,9.2,1693560,12584688,1.9,DAL,23.8,2001,0.313
144,3.4,0.7,3,0.445,0.376,77,6-3,23.2,1.0,9.3,Chauncey Billups,SG,2.1,2250000,5455200,1.4,MIN,19.5,2001,0.33
145,5.0,2.7,5,0.486,0.28800000000000003,81,6-11,39.5,3.0,22.0,Kevin Garnett,PF,11.4,19610000,16000000,2.8,MIN,27.0,2001,0.045
146,0.6,0.7,2,0.462,0.0,73,7-0,16.9,0.2,4.5,Rasho Nesterovic,C,3.9,1123560,6160000,0.8,MIN,14.8,2001,0.003
147,2.6,0.5,8,0.43700000000000006,0.391,75,6-4,28.3,0.5,10.5,Anthony Peeler,SG,2.6,2740000,1600000,1.4,MIN,18.6,2001,0.35
148,3.2,0.5,1,0.526,0.33799999999999997,82,6-7,34.8,1.6,14.0,Wally Szczerbiak,SF,5.5,2162280,9000000,1.7,MIN,18.2,2001,0.084
149,2.3,0.8,4,0.517,0.271,82,6-6,29.2,1.0,8.7,Shandon Anderson,SG,4.1,2200000,7300000,1.6,HOU,15.4,2001,0.28800000000000003
150,0.3,0.8,3,0.5770000000000001,0.40399999999999997,35,6-11,17.8,0.5,4.7,Kelvin Cato,C,4.0,5330000,7992000,0.7,HOU,11.9,2001,0.0
151,6.5,0.8,1,0.47200000000000003,0.396,80,6-3,39.9,5.8,19.9,Steve Francis,PG,6.9,3246960,12330000,3.3,HOU,24.2,2001,0.276
152,0.1,,R,0.37799999999999995,0.0,33,6-11,7.3,3.8,2.7,Dan Langhi,SF,1.2,316969,72843,0.2,HOU,22.9,2001,0.01
153,2.5,0.8,2,0.45399999999999996,0.35700000000000004,79,6-4,38.0,1.9,19.5,Cuttino Mobley,SG,5.0,3920000,5884500,2.1,HOU,24.3,2001,0.20800000000000002
154,3.5,2.2,3,0.491,0.281,82,6-1,20.2,1.0,6.6,Moochie Norris,PG,2.4,523500,3850000,1.3,HOU,16.8,2001,0.215
155,1.5,0.4,3,0.49200000000000005,0.0,69,6-9,28.6,1.0,13.0,Maurice Taylor,SF,5.5,2250000,9100000,1.8,HOU,23.2,2001,0.005
156,1.0,0.4,1,0.485,0.272,74,6-7,24.6,1.0,7.1,Kenny Thomas,PF,5.6,885120,6000000,1.6,HOU,16.1,2001,0.198
157,0.5,0.7,1,0.5710000000000001,0.364,57,6-7,12.2,0.2,3.4,Ryan Bowen,SF,2.0,510000,807046,0.4,DEN,12.0,2001,0.076
158,1.0,0.1,7,0.33299999999999996,0.387,9,6-7,17.0,,2.3,Calbert Cheaney,SG,2.2,2200000,1600000,0.6,DEN,10.5,2001,0.0
159,1.4,1.8,2,0.499,0.36700000000000005,78,6-11,31.5,0.2,12.9,Raef LaFrentz,C,7.8,2970840,9714538,1.2,DEN,18.6,2001,0.171
160,2.4,0.9,5,0.40700000000000003,0.385,80,6-4,29.1,1.4,12.2,Voshon Lenard,SG,2.9,3780000,3250000,1.3,DEN,19.7,2001,0.452
161,2.1,0.1,5,0.495,0.36700000000000005,70,6-9,36.5,1.0,20.8,Antonio McDyess,PF,12.1,10800000,5393300,2.3,DEN,26.5,2001,0.0
162,2.0,0.9,1,0.47700000000000004,0.3,82,6-8,27.5,0.0,8.1,James Posey,SF,5.3,1047600,5408700,1.2,DEN,14.9,2001,0.368
163,8.5,0.1,7,0.431,0.377,71,6-1,37.9,4.0,17.7,Nick Van Exel,PG,3.4,9200000,11933252,2.3,DEN,23.0,2001,0.322
164,3.1,0.9,4,0.48700000000000004,0.188,81,6-9,40.0,1.3,20.5,Shareef Abdur-Rahim,SF,9.1,10130000,14625000,2.9,VAN,24.6,2001,0.05
165,8.4,0.5,2,0.478,0.379,82,6-1,38.9,2.3,15.9,Mike Bibby,PG,3.7,3308160,10500000,3.0,VAN,21.3,2001,0.24600000000000002
166,0.8,0.6,4,0.47,0.0,44,6-9,28.8,0.8,10.9,Othella Harrington,C,6.6,2250000,3150000,2.4,VAN,20.1,2001,0.008
167,3.2,1.9,2,0.465,0.364,71,6-3,19.9,0.5,6.5,Damon Jones,PG,1.7,710000,2503000,1.1,VAN,16.6,2001,0.555
168,0.2,0.2,8,0.462,0.263,52,6-9,15.8,0.8,4.5,Tony Massenburg,PF,4.0,1360000,1100000,0.9,VAN,15.4,2001,0.0
169,0.4,1.9,R,0.457,0.0,80,6-9,16.4,0.8,4.9,Stromile Swift,PF,3.6,3164280,5993105,0.8,VAN,16.2,2001,0.012
170,5.0,0.5,4,0.489,0.305,68,6-6,40.9,5.3,28.5,Kobe Bryant,SG,5.9,10130000,14175000,3.2,LAL,31.8,2001,0.132
171,4.4,0.8,4,0.419,0.397,20,6-1,35.5,1.3,11.5,Derek Fisher,PG,3.0,3380000,4903000,1.5,LAL,15.4,2001,0.337
172,0.3,0.8,1,0.353,0.221,59,6-8,10.1,6.5,3.1,Devean George,SF,1.9,849720,4546000,0.6,LAL,20.0,2001,0.32899999999999996
173,1.6,0.8,8,0.415,0.34600000000000003,79,6-9,20.1,0.8,5.2,Robert Horry,PF,3.7,4800000,1100000,1.0,LAL,14.0,2001,0.41100000000000003
174,1.2,0.8,2,0.47,0.324,38,6-0,12.3,6.5,3.4,Tyronn Lue,PG,0.8,865800,1600000,0.7,LAL,14.8,2001,0.29100000000000004
175,0.3,0.8,R,0.48200000000000004,1.0,70,6-9,9.2,6.5,2.0,Mark Madsen,PF,2.2,707040,745046,0.4,LAL,10.9,2001,0.009000000000000001
176,0.3,0.8,R,0.45799999999999996,1.0,7,6-10,5.6,6.5,4.6,Stanislav Medvedenko,PF,1.3,316969,3000000,0.4,LAL,38.2,2001,0.04
177,3.7,1.6,8,0.573,0.0,74,7-1,39.5,5.7,28.7,Shaquille O'Neal,C,12.7,19285715,27696430,2.9,LAL,31.6,2001,0.001
178,2.1,0.9,8,0.46299999999999997,0.348,62,6-4,16.3,0.0,5.1,Jon Barry,SG,1.5,2730000,1800000,0.9,SAC,14.9,2001,0.518
179,3.6,2.3,8,0.40299999999999997,0.376,81,6-6,36.3,1.4,12.3,Doug Christie,SG,4.4,3140000,7550000,1.9,SAC,16.2,2001,0.317
180,2.9,2.9,11,0.486,0.28600000000000003,81,7-1,29.9,0.0,12.0,Vlade Divac,C,8.3,9640000,4903000,2.4,SAC,20.1,2001,0.019
181,2.0,0.8,3,0.455,0.375,79,6-1,20.9,0.0,7.2,Bobby Jackson,PG,3.1,2250000,3150000,1.3,SAC,17.9,2001,0.198
182,0.5,0.9,6,0.306,0.519,31,5-11,5.7,1.3,3.3,Darrick Martin,PG,0.5,673500,1219590,0.3,SAC,25.4,2001,0.355
183,0.6,2.1,3,0.47100000000000003,0.0,77,6-11,21.5,0.0,6.5,Scot Pollard,C,6.0,3920000,5792250,0.9,SAC,14.3,2001,0.005
184,2.2,2.4,2,0.501,0.4,75,6-9,38.7,3.0,20.4,Peja Stojakovic,SF,5.8,1480000,6875000,1.9,SAC,22.4,2001,0.303
185,0.9,0.9,R,0.442,0.326,74,6-10,16.8,0.0,5.3,Hedo Turkoglu,SF,2.8,1131240,4903000,0.7,SAC,15.6,2001,0.257
186,4.2,2.4,7,0.488,0.071,70,6-9,40.5,2.6,27.1,Chris Webber,PF,11.1,12000000,17531250,2.8,SAC,31.6,2001,0.017
187,5.4,2.1,2,0.483,0.315,77,6-1,29.7,0.0,9.4,Jason Williams,PG,2.4,2011080,6875000,2.1,SAC,17.0,2001,0.451
188,2.0,1.3,4,0.436,0.321,82,6-1,27.9,0.6,12.3,Tony Delk,SG,3.2,2250000,2700000,1.2,PHO,22.0,2001,0.182
189,1.0,1.5,8,0.397,0.25,57,6-10,20.3,0.6,6.4,Tom Gugliotta,PF,4.5,9360000,2700000,0.9,PHO,17.9,2001,0.032
190,3.8,1.2,7,0.46399999999999997,0.25,4,6-7,28.0,0.6,9.8,Anfernee Hardaway,SG,4.5,10130000,14625000,0.8,PHO,17.5,2001,0.222
191,9.8,2.1,6,0.442,0.297,77,6-4,39.8,2.7,16.9,Jason Kidd,PG,6.4,7680000,14796000,3.7,PHO,22.7,2001,0.21100000000000002
192,2.0,3.2,1,0.49700000000000005,0.256,79,6-7,36.2,1.0,17.3,Shawn Marion,SF,10.7,1662240,12330000,1.6,PHO,22.1,2001,0.071
193,2.9,0.6,11,0.439,0.361,82,6-10,33.5,0.2,16.4,Clifford Robinson,PF,4.1,6890000,5287500,2.3,PHO,24.8,2001,0.21
194,2.2,1.3,7,0.467,0.29600000000000004,82,6-7,26.6,0.6,12.2,Rodney Rogers,SF,4.4,2200000,2700000,1.9,PHO,23.3,2001,0.21600000000000003
195,0.3,1.5,R,0.47,0.0,57,7-2,16.6,0.6,4.5,Jake Tsakalidis,C,4.2,763200,2900000,1.2,PHO,15.1,2001,0.0
196,1.5,0.9,9,0.485,0.0,66,6-8,17.9,1.0,4.7,Stacey Augmon,SG,2.4,923500,1100000,0.7,POR,13.9,2001,0.015
197,1.3,1.5,9,0.501,0.0,81,6-11,26.7,0.2,7.2,Dale Davis,C,7.5,6000000,10068750,0.8,POR,13.4,2001,0.008
198,2.6,1.5,9,0.504,0.33899999999999997,81,6-7,31.4,2.5,13.6,Steve Smith,SG,3.4,8100000,1100000,1.7,POR,19.7,2001,0.292
199,5.7,1.5,5,0.45299999999999996,0.374,82,5-10,32.4,1.8,13.0,Damon Stoudamire,PG,3.7,11250000,12500000,2.3,POR,21.3,2001,0.23399999999999999
200,2.8,1.6,5,0.53,0.321,77,6-10,38.2,2.5,19.2,Rasheed Wallace,PF,7.8,12600000,9720000,2.1,POR,23.4,2001,0.138
201,2.8,0.7,2,0.547,0.34,75,6-5,26.6,1.9,12.7,Bonzi Wells,SF,4.9,1528440,7700000,2.3,POR,23.3,2001,0.069
202,1.2,0.6,7,0.429,0.063,76,6-11,28.0,1.9,12.2,Vin Baker,PF,5.7,10130000,3500000,2.1,SEA,23.8,2001,0.019
203,3.4,0.0,5,0.517,0.47600000000000003,67,6-6,26.5,3.5,8.8,Brent Barry,SG,3.1,4320000,4264900,1.3,SEA,13.5,2001,0.5710000000000001
204,1.6,0.6,2,0.503,0.43200000000000005,78,6-10,34.9,2.6,14.8,Rashard Lewis,PF,6.9,3920000,7792208,1.7,SEA,18.4,2001,0.321
205,0.8,0.0,R,0.46,0.26899999999999996,78,6-7,19.5,1.6,5.9,Desmond Mason,SF,3.2,1074720,6529630,0.7,SEA,15.8,2001,0.153
206,0.8,0.4,2,0.523,0.0,70,6-10,16.3,9.9,4.5,Jelani McCoy,C,3.6,1110000,167418,1.1,SEA,15.0,2001,0.0
207,2.1,0.3,2,0.516,0.055999999999999994,76,6-5,27.1,1.9,13.0,Ruben Patterson,SF,5.0,990000,5899400,2.0,SEA,23.3,2001,0.048
208,8.1,0.6,10,0.47200000000000003,0.375,79,6-4,41.1,5.4,23.1,Gary Payton,PG,4.6,12200000,5408700,2.6,SEA,27.2,2001,0.171
209,2.8,0.4,2,0.426,0.45899999999999996,69,6-1,17.9,1.6,6.8,Shammond Williams,PG,1.9,550000,1750000,1.2,SEA,17.9,2001,0.361
210,3.2,,2,0.436,0.125,10,5-5,14.9,1.2,6.5,Earl Boykins,PG,1.1,498500,2500000,0.9,LAC,24.7,2001,0.127
211,2.3,0.5,R,0.426,0.35,76,6-3,16.3,1.2,5.9,Keyon Dooling,PG,1.2,1538880,745046,1.2,LAC,20.0,2001,0.221
212,0.0,,R,0.222,0.316,3,6-11,6.3,,3.0,Zendon Hamilton,C,2.7,316969,329138,0.7,LAC,35.3,2001,0.0
213,1.2,0.5,1,0.483,0.304,69,6-6,19.7,0.9,10.0,Corey Maggette,SF,4.2,1353960,7000000,1.5,LAC,24.5,2001,0.115
214,5.5,2.0,3,0.48200000000000004,0.361,81,6-4,35.0,2.1,12.9,Jeff McInnis,PG,2.7,523500,3600000,1.4,LAC,18.2,2001,0.154
215,1.2,2.0,R,0.519,0.053,81,6-9,26.3,0.9,9.4,Darius Miles,SF,5.9,2841720,6750000,1.8,LAC,19.1,2001,0.03
216,5.2,2.2,1,0.506,0.316,76,6-10,37.3,2.4,17.2,Lamar Odom,PF,7.8,2628960,10548596,3.5,LAC,24.1,2001,0.242
217,0.6,0.2,2,0.435,0.217,82,7-0,25.9,0.9,8.5,Michael Olowokandi,C,6.4,3697440,5408700,2.1,LAC,20.5,2001,0.0
218,1.2,2.0,6,0.456,0.40399999999999997,81,6-7,26.5,2.2,10.6,Eric Piatkowski,SG,3.0,2200000,2750000,0.9,LAC,17.8,2001,0.442
219,0.8,0.5,R,0.48700000000000004,0.331,76,6-6,17.9,1.6,8.1,Quentin Richardson,SG,3.4,1020960,5800000,0.8,LAC,22.4,2001,0.28800000000000003
220,0.5,,2,0.39799999999999996,0.125,39,6-9,15.0,1.2,4.1,Brian Skinner,PF,4.3,901800,4500000,0.8,LAC,17.3,2001,0.0
221,1.4,0.5,4,0.40399999999999997,0.0,43,6-11,24.1,0.3,7.4,Erick Dampier,C,5.8,5610000,7700000,1.9,GSW,18.4,2001,0.006
222,0.8,3.2,3,0.58,0.28,6,6-7,33.8,0.5,16.7,Danny Fortson,PF,16.3,3950000,5818136,1.7,GSW,17.4,2001,0.0
223,0.8,3.2,3,0.41600000000000004,0.25,58,6-10,25.1,0.3,5.9,Adonal Foyle,C,7.0,3580000,6500000,1.4,GSW,14.0,2001,0.0
224,4.5,0.0,2,0.40299999999999997,0.187,50,6-5,36.9,0.3,16.5,Larry Hughes,SG,5.5,1842480,5455200,3.0,GSW,24.4,2001,0.09300000000000001
225,1.2,0.5,R,0.478,0.217,48,6-10,29.4,0.3,13.2,Marc Jackson,C,7.5,316969,4225000,1.9,GSW,20.5,2001,0.045
226,2.0,0.0,2,0.45899999999999996,0.302,82,6-8,41.4,2.1,24.9,Antawn Jamison,SF,8.7,2678400,12584688,2.4,GSW,27.9,2001,0.113
227,4.6,3.2,5,0.44799999999999995,0.273,53,6-5,31.8,0.3,11.1,Bob Sura,SG,4.3,4390000,3200000,3.0,GSW,19.1,2001,0.332
228,1.1,1.6,R,0.42,0.5,77,7-0,18.3,5.0,4.5,Jason Collins,C,3.9,1067400,5500000,0.9,NJN,13.5,2002,0.006999999999999999
229,1.8,0.9,R,0.48,0.23199999999999998,79,6-7,24.3,0.7,9.4,Richard Jefferson,SF,3.7,1379400,10200000,1.4,NJN,19.1,2002,0.095
230,0.8,0.5,R,0.35100000000000003,0.3,28,6-9,10.4,5.0,2.1,Brian Scalabrine,PF,1.8,332817,2586207,0.9,NJN,15.1,2002,0.149
231,1.5,0.2,R,0.51,0.273,48,6-7,20.9,0.9,6.3,Joe Johnson,SG,2.9,1608840,12000000,0.6,BOS,15.2,2002,0.297
232,0.1,2.9,R,0.456,0.083,53,7-0,9.7,5.4,3.6,Steven Hunter,C,1.8,1244880,2800000,0.3,ORL,17.7,2002,0.0
233,1.0,2.5,1,0.46399999999999997,0.273,74,6-5,12.0,0.2,3.4,Raja Bell,SG,1.5,540850,4250000,0.6,PHI,15.9,2002,0.183
234,3.0,1.0,R,0.42200000000000004,0.121,67,5-11,22.8,0.9,7.2,Speedy Claxton,PG,2.4,1006200,3600000,1.4,PHI,18.2,2002,0.073
235,0.1,2.2,R,0.44,0.0,34,6-11,5.2,0.2,1.5,Samuel Dalembert,C,2.0,771480,9464307,0.4,PHI,18.6,2002,0.0
236,0.8,0.0,R,0.38799999999999996,0.0,57,6-11,14.3,,4.5,Kwame Brown,PF,3.5,3697440,7500000,0.8,WAS,18.6,2002,0.004
237,0.5,1.9,R,0.493,0.0,62,7-0,20.4,0.0,5.1,Brendan Haywood,C,5.2,978600,4000000,0.8,WAS,12.4,2002,0.0
238,0.6,,R,0.48100000000000004,0.28600000000000003,30,6-7,11.4,,3.7,Bobby Simmons,SF,1.7,332817,8000000,0.5,WAS,16.4,2002,0.147
239,0.1,,R,0.536,0.28600000000000003,47,6-9,13.1,,4.3,Etan Thomas,C,3.9,1493040,5393300,0.6,WAS,15.6,2002,0.0
240,0.4,0.9,R,0.44,0.0,12,6-10,13.4,,4.3,Malik Allen,PF,3.2,332817,1670000,0.2,MIA,17.0,2002,0.02
241,0.4,0.4,2,0.43200000000000005,0.125,21,6-10,15.2,,4.6,Sean Marks,C,3.6,565850,932015,0.9,MIA,18.2,2002,0.0
242,0.5,0.7,R,0.505,0.222,74,7-0,15.9,0.1,6.9,Zeljko Rebraca,C,3.9,3500000,3000000,1.1,DET,21.4,2002,0.0
243,1.2,0.6,R,0.44799999999999995,0.0,17,6-2,5.6,0.4,1.8,Carlos Arroyo,PG,0.7,332817,4000000,0.7,TOR,20.7,2002,0.0
244,0.1,0.6,R,0.565,0.0,26,6-10,4.5,0.4,1.2,Michael Bradley,PF,0.9,1123560,819550,0.2,TOR,13.4,2002,0.08
245,0.3,0.5,R,0.483,0.0,22,7-2,7.3,6.4,2.0,Primoz Brezec,C,1.3,749160,2750000,0.3,IND,13.0,2002,0.0
246,8.1,0.4,R,0.42200000000000004,0.24,80,6-3,30.5,0.9,9.4,Jamaal Tinsley,PG,3.7,749160,5400000,3.4,IND,20.7,2002,0.23
247,0.3,1.1,R,0.414,0.253,18,7-0,6.1,,1.4,DeSagana Diop,C,0.9,1842480,1850000,0.7,CLE,18.2,2002,0.0
248,0.8,1.5,R,0.49700000000000005,0.261,71,7-1,19.6,3.0,6.1,Tyson Chandler,C,4.8,3308160,9000000,1.4,CHI,16.6,2002,0.0
249,0.3,2.0,R,0.501,0.374,72,7-0,16.0,0.2,6.7,Eddy Curry,C,3.8,2678400,7390000,1.0,CHI,20.7,2002,0.0
250,2.2,0.1,R,0.447,0.364,78,6-5,28.7,2.0,8.7,Trenton Hassell,SG,3.3,332817,4350000,1.3,CHI,16.0,2002,0.263
251,4.3,0.1,R,0.46,0.32299999999999995,77,6-2,29.4,1.7,9.2,Tony Parker,PG,2.6,744480,8400000,2.0,SAS,17.7,2002,0.29600000000000004
252,0.4,1.2,1,0.462,0.414,55,7-0,10.9,1.0,5.6,Wang Zhizhi,C,2.0,465850,745046,0.5,DAL,22.4,2002,0.46799999999999997
253,0.4,1.0,R,0.563,0.0,10,6-5,4.5,0.2,2.1,Maurice Evans,SG,0.4,332817,1740000,0.2,MIN,22.9,2002,0.158
254,0.4,2.5,R,0.35100000000000003,0.0,60,7-1,8.6,0.2,1.8,Loren Woods,C,2.0,332817,780000,0.6,MIN,13.9,2002,0.021
255,0.8,3.4,R,0.462,0.0,70,6-11,20.6,1.7,6.4,Jarron Collins,C,4.2,332817,1700000,0.8,UTA,15.0,2002,0.003
256,1.1,3.0,R,0.488,0.25,82,6-9,26.2,0.8,10.7,Andrei Kirilenko,SF,4.9,831120,10983000,1.3,UTA,19.0,2002,0.158
257,0.7,,R,0.392,0.33,73,6-10,26.0,0.8,8.8,Eddie Griffin,PF,5.7,2011080,2700000,0.6,HOU,18.4,2002,0.41
258,0.3,2.2,R,0.35700000000000004,0.0,24,6-10,10.9,0.8,3.0,Chris Andersen,C,3.2,288171,3500000,0.5,DEN,17.0,2002,0.054000000000000006
259,2.8,0.9,R,0.451,0.373,78,6-8,39.7,0.9,14.4,Shane Battier,SF,5.4,2203080,4903000,2.0,MEM,18.2,2002,0.287
260,2.7,1.5,R,0.519,0.2,82,7-0,36.7,0.7,17.6,Pau Gasol,C,8.9,2970840,10993000,2.7,MEM,22.6,2002,0.005
261,0.5,1.7,R,0.446,0.0,54,6-7,8.0,2.2,3.2,Gerald Wallace,SF,1.6,797880,5000000,0.4,SAC,22.0,2002,0.04
262,0.3,0.0,R,0.449,0.36,41,6-9,5.8,2.3,2.8,Zach Randolph,PF,1.7,1019280,10666667,0.4,POR,25.7,2002,0.0
263,0.4,2.1,1,0.491,0.364,56,7-0,16.9,0.3,5.3,Jerome James,C,4.1,465850,5000000,1.3,SEA,18.3,2002,0.0
264,1.3,0.7,R,0.406,0.42,61,6-10,20.2,0.3,6.7,Vladimir Radmanovic,PF,3.8,1452000,3166155,1.2,SEA,17.3,2002,0.444
265,2.0,0.1,R,0.47600000000000003,0.364,64,6-1,15.1,0.3,3.6,Earl Watson,PG,1.3,332817,5000000,0.8,SEA,13.4,2002,0.20800000000000002
266,0.4,0.7,R,0.6,0.0,5,6-3,8.4,,1.6,Charlie Bell,SG,0.8,89292,3354480,1.0,PHO,18.0,2002,0.545
267,3.7,,R,0.498,0.345,47,6-3,24.6,2.3,10.9,Gilbert Arenas,PG,2.8,332817,10243200,2.1,GSW,20.1,2002,0.294
268,0.9,,R,0.423,0.33299999999999996,82,6-11,17.7,2.3,5.9,Troy Murphy,PF,3.9,1310400,7365079,1.0,GSW,16.7,2002,0.021
269,3.0,1.7,R,0.45299999999999996,0.33299999999999996,80,6-6,32.9,0.8,14.4,Jason Richardson,SG,4.3,2425440,8888888,2.0,GSW,21.5,2002,0.226
270,0.7,0.5,R,0.447,0.32299999999999995,64,6-7,7.9,4.8,2.1,John Salmons,PG,0.9,670800,4400000,0.5,PHI,14.3,2003,0.267
271,1.0,0.9,R,0.42200000000000004,0.298,42,6-3,15.4,,6.4,Juan Dixon,PG,1.7,1172400,2550000,1.0,WAS,24.3,2003,0.31
272,0.8,,R,0.474,0.5,20,6-11,14.6,,4.0,Jared Jeffries,SF,2.9,1594920,5215000,1.1,WAS,15.6,2003,0.095
273,2.7,1.6,R,0.42700000000000005,0.318,78,6-7,36.6,0.1,15.4,Caron Butler,SF,5.1,1678800,7438000,2.5,MIA,22.9,2003,0.10400000000000001
274,1.3,,R,0.392,0.292,72,6-7,21.0,,7.5,Rasual Butler,SG,2.6,349458,3000000,1.1,MIA,21.6,2003,0.299
275,3.2,0.3,1,0.423,0.294,78,6-2,22.1,,7.8,Mike James,PG,1.9,512435,5215000,1.4,MIA,20.6,2003,0.39
276,1.0,0.5,R,0.457,0.33899999999999997,72,6-11,19.0,0.1,6.9,Mehmet Okur,PF,4.7,1000000,8250000,0.9,DET,19.3,2003,0.265
277,0.6,0.1,R,0.465,0.426,42,6-9,10.4,0.1,3.3,Tayshaun Prince,SF,1.1,903360,7851240,0.5,DET,16.2,2003,0.39799999999999996
278,0.3,0.3,R,0.41200000000000003,0.28600000000000003,19,6-4,6.1,1.2,1.2,Fred Jones,SG,0.5,1367400,3100000,0.3,IND,12.5,2003,0.292
279,0.2,0.7,R,0.486,0.0,49,6-11,15.5,1.2,3.4,Dan Gadzuric,C,4.0,349458,5252065,0.6,MIL,12.0,2003,0.006999999999999999
280,0.3,3.9,R,0.409,0.0,12,6-4,3.5,1.2,1.9,Ronald Murray,SG,0.1,349458,1750000,0.3,MIL,37.1,2003,0.154
281,0.2,3.9,R,0.0,0.36200000000000004,5,6-11,1.6,1.2,0.0,Jamal Sampson,PF,0.4,349458,771331,0.0,MIL,11.6,2003,0.0
282,1.7,0.6,R,0.44,0.361,50,6-0,10.3,5.1,3.7,Dan Dickau,PG,0.9,776880,2753218,1.1,ATL,20.9,2003,0.359
283,2.8,0.6,R,0.359,0.353,15,5-10,24.3,5.1,5.7,Mike Wilks,SG,2.7,55402,798112,1.1,ATL,13.8,2003,0.21
284,0.7,0.5,R,0.385,0.33299999999999996,17,6-5,6.6,,1.8,Roger Mason,SF,0.7,349458,3500000,0.3,CHI,14.5,2003,0.581
285,1.3,0.6,R,0.536,0.0,81,6-9,25.3,0.3,10.0,Carlos Boozer,PF,7.5,349458,11260483,1.3,CLE,17.1,2003,0.002
286,2.5,3.4,R,0.445,0.322,66,6-4,16.7,,6.2,Smush Parker,PG,1.8,349458,2250000,2.0,CLE,20.6,2003,0.349
287,0.3,5.4,R,0.5,0.273,7,6-5,3.1,6.3,1.7,Devin Brown,SG,1.0,34946,564518,0.7,SAS,33.5,2003,0.0
288,2.0,1.4,R,0.494,0.345,69,6-6,20.7,1.1,7.6,Manu Ginobili,SG,2.3,1325000,8254375,1.4,SAS,18.5,2003,0.373
289,1.7,1.7,R,0.498,0.5,82,7-6,29.0,0.2,13.5,Yao Ming,C,8.2,3858240,12455000,2.1,HOU,22.1,2003,0.002
290,0.2,2.5,R,0.429,0.2,14,6-9,5.5,,2.1,Bostjan Nachbar,SF,0.8,1224000,2500000,0.4,HOU,24.8,2003,0.32299999999999995
291,1.4,,R,0.46299999999999997,0.354,49,6-6,24.2,2.5,11.2,Gordan Giricek,SG,2.2,1400000,4000000,1.9,MEM,23.5,2003,0.272
292,1.2,,R,0.455,0.304,51,6-10,26.1,2.5,12.1,Drew Gooden,SF,5.8,2794920,6645402,2.1,MEM,25.0,2003,0.08
293,1.1,3.9,R,0.435,0.292,34,6-1,10.1,3.4,2.5,Jannero Pargo,PG,1.1,349458,1000000,0.7,LAL,15.3,2003,0.258
294,0.9,3.9,R,0.43799999999999994,0.27899999999999997,76,6-6,11.5,3.4,3.0,Kareem Rush,PG,1.2,1021080,854957,0.8,LAL,16.1,2003,0.27899999999999997
295,1.0,0.4,R,0.47600000000000003,0.2,82,6-10,31.3,0.5,13.5,Amar'e Stoudemire,PF,8.8,1767120,12455000,2.3,PHO,21.5,2003,0.012
296,0.5,0.9,R,0.47100000000000003,0.0,67,6-8,20.4,7.1,3.2,Reggie Evans,PF,6.6,349458,4000000,0.8,SEA,8.9,2003,0.0
297,1.3,,R,0.434,0.34700000000000003,82,6-9,15.9,0.1,5.7,Mike Dunleavy,SF,2.6,3100080,7438016,1.0,GSW,17.8,2003,0.36
298,0.3,0.0,R,0.495,0.34,52,6-10,15.4,,4.5,Melvin Ely,C,3.3,1490120,3303813,1.0,LAC,15.1,2003,0.0
299,2.9,0.0,R,0.45,0.319,66,6-7,20.9,0.6,7.4,Marko Jaric,SF,2.4,1750000,5525000,1.6,LAC,19.5,2003,0.37200000000000005
300,0.5,,R,0.521,0.34,46,6-10,10.4,,3.7,Chris Wilcox,PF,2.3,1922520,6250000,0.6,LAC,17.7,2003,0.0
301,0.7,0.2,R,0.462,0.0,75,6-8,23.9,0.2,7.3,Udonis Haslem,PF,6.3,366931,6050000,1.0,MIA,15.8,2004,0.006999999999999999
302,4.5,0.4,R,0.47700000000000004,0.302,61,6-4,34.9,0.9,16.2,Dwyane Wade,PG,4.0,2636400,13041250,3.2,MIA,25.0,2004,0.066
303,2.2,0.7,R,0.42100000000000004,0.314,81,6-2,17.1,0.9,5.9,Marcus Banks,PG,1.6,1499400,3966207,1.5,BOS,20.5,2004,0.195
304,0.3,1.7,R,0.5329999999999999,0.299,10,6-10,3.5,1.8,2.2,Kendrick Perkins,C,1.4,814320,4480912,0.5,BOS,31.1,2004,0.0
305,1.0,0.9,R,0.419,0.311,53,6-4,14.5,,6.9,Willie Green,SG,1.2,366931,3388000,1.1,PHI,27.7,2004,0.171
306,0.5,1.3,R,0.28300000000000003,0.391,74,6-7,11.9,,4.5,Kyle Korver,SF,1.5,366931,4400000,0.6,PHI,20.2,2004,0.633
307,2.8,1.5,R,0.4,0.371,75,6-3,18.6,,5.9,Steve Blake,PG,1.6,366931,4250000,1.7,WAS,17.9,2004,0.496
308,1.5,1.0,R,0.42200000000000004,0.305,70,6-7,29.2,,9.6,Jarvis Hayes,SF,3.8,1748760,1200000,1.6,WAS,18.4,2004,0.188
309,1.3,0.6,R,0.434,0.358,73,6-5,24.5,0.0,6.8,Keith Bogans,SF,4.3,366931,2440000,1.0,ORL,14.5,2004,0.41200000000000003
310,0.2,,R,0.389,0.3,59,6-11,11.3,0.9,3.3,Zaza Pachulia,C,2.9,366931,4000000,0.6,ORL,16.9,2004,0.0
311,0.0,0.6,R,0.2,0.25,6,6-8,4.3,2.5,1.2,James Jones,SF,0.3,366931,2900000,0.0,IND,17.9,2004,0.444
312,0.2,3.4,R,0.266,0.0,34,7-0,4.7,0.7,1.4,Darko Milicic,C,1.3,3595800,6500000,0.4,DET,26.0,2004,0.015
313,0.8,1.4,R,0.478,0.0,71,6-9,13.1,6.4,3.8,David West,PF,4.2,1160160,10650000,0.7,NOH,15.3,2004,0.009000000000000001
314,6.5,2.6,R,0.39299999999999996,0.23800000000000002,55,6-0,26.8,1.0,7.1,T.J. Ford,PG,3.2,2002680,8000000,2.5,MIL,17.9,2004,0.053
315,5.9,0.7,R,0.43799999999999994,0.29,79,6-8,39.5,2.2,20.9,LeBron James,SG,5.5,4018920,13041250,3.5,CLE,28.2,2004,0.145
316,0.3,1.0,R,0.365,0.47700000000000004,41,6-8,10.4,,3.5,Jason Kapono,SF,1.3,366931,5356000,0.5,CLE,16.8,2004,0.341
317,1.0,1.7,R,0.461,0.35700000000000004,75,6-11,33.5,0.2,11.5,Chris Bosh,C,7.4,2911320,12455000,1.4,TOR,18.3,2004,0.02
318,2.4,1.0,R,0.467,0.231,76,6-8,25.3,0.6,4.5,Boris Diaw,SG,4.5,1021080,9000000,1.7,ATL,11.4,2004,0.083
319,6.8,1.2,R,0.38299999999999995,0.39,76,6-4,35.6,0.8,12.0,Kirk Hinrich,PG,3.4,2185920,11250000,2.7,CHI,18.2,2004,0.44799999999999995
320,0.7,2.2,R,0.382,0.212,41,6-8,17.9,1.2,4.2,Linton Johnson,SF,4.5,366931,283953,0.9,CHI,15.6,2004,0.163
321,2.1,2.7,R,0.512,0.306,56,6-6,18.6,2.9,8.5,Marquis Daniels,SG,2.6,366931,6373900,0.8,DAL,20.6,2004,0.08800000000000001
322,1.4,0.5,R,0.44799999999999995,0.303,67,6-7,23.7,0.6,8.6,Josh Howard,SF,5.5,773400,9000000,1.0,DAL,18.2,2004,0.124
323,0.6,0.2,R,0.28600000000000003,0.25,20,6-6,7.7,2.8,1.8,Dahntay Jones,SG,1.2,1063680,753767,0.6,MEM,20.4,2004,0.075
324,2.8,0.2,R,0.444,0.322,82,6-8,36.5,1.2,21.0,Carmelo Anthony,SF,6.1,3229200,13041250,3.0,DEN,28.5,2004,0.146
325,0.5,1.7,R,0.475,0.0,62,7-0,14.1,1.6,3.5,Francisco Elson,C,3.3,366931,3000000,0.6,DEN,12.7,2004,0.005
326,0.8,2.3,R,0.425,0.271,79,6-8,14.5,1.3,4.8,Sasha Pavlovic,SF,2.0,1107960,4250000,0.8,UTA,19.5,2004,0.18600000000000003
327,1.3,2.3,R,0.39799999999999996,0.256,57,6-1,13.5,0.3,5.0,Mo Williams,SG,1.3,366931,7750000,0.9,UTA,22.8,2004,0.129
328,0.6,0.9,R,0.493,0.0,35,6-9,12.6,3.5,4.4,Brian Cook,C,2.9,903360,3500000,0.5,LAL,17.3,2004,0.035
329,1.6,0.5,R,0.456,0.33299999999999996,72,6-8,10.1,3.5,2.4,Luke Walton,PF,1.8,366931,4000000,0.6,LAL,13.3,2004,0.255
330,0.7,0.7,R,0.48700000000000004,0.0,73,6-9,13.4,0.1,4.6,Darius Songaila,PF,3.1,366931,3942000,0.6,SAC,16.4,2004,0.0
331,0.1,,R,0.5,0.33299999999999996,13,6-6,3.7,5.6,1.0,Matt Carroll,SG,0.2,349032,5050000,0.2,POR,13.7,2004,0.273
332,0.1,,R,0.429,0.365,8,6-9,2.4,5.6,1.0,Travis Outlaw,PF,0.5,941040,4000000,0.1,POR,24.3,2004,0.0
333,0.5,2.1,R,0.484,0.33299999999999996,53,6-6,14.1,0.3,5.3,Mickael Pietrus,PG,2.2,1527946,3470770,0.8,GSW,18.7,2004,0.455
334,2.4,0.5,R,0.43700000000000006,0.33799999999999997,69,6-2,16.1,3.2,5.5,Luke Ridnour,PG,1.6,1424400,6500000,1.2,SEA,19.3,2004,0.22899999999999998
335,2.4,1.2,R,0.488,0.395,70,6-3,21.4,0.4,7.9,Leandro Barbosa,PG,1.8,809280,5600000,1.7,PHO,18.6,2004,0.447
336,1.0,0.1,R,0.462,0.0,82,7-0,22.5,0.3,6.1,Chris Kaman,C,5.6,2394600,8600000,1.9,LAC,15.7,2004,0.005
337,0.8,0.6,R,0.483,0.387,77,6-4,16.4,0.1,6.4,Tony Allen,SG,2.9,901920,2500000,1.0,BOS,18.9,2005,0.08
338,0.3,0.7,R,0.5329999999999999,0.0,71,6-10,14.8,0.1,6.7,Al Jefferson,PF,4.4,1407240,11000000,0.9,BOS,21.2,2005,0.008
339,1.4,1.6,R,0.47700000000000004,0.358,39,6-4,13.0,0.1,4.5,Delonte West,SG,1.7,939480,3850000,0.6,BOS,17.0,2005,0.43200000000000005
340,0.3,2.0,1,0.397,0.358,42,6-8,7.8,0.6,2.8,Josh Davis,PF,1.9,620046,314041,0.4,PHI,18.0,2005,0.47700000000000004
341,3.0,2.9,R,0.55,0.331,82,6-6,32.8,1.5,9.0,Andre Iguodala,SG,5.7,1914480,11300000,1.7,PHI,12.8,2005,0.26
342,1.0,0.5,R,0.495,0.0,75,7-0,26.2,5.4,10.0,Nenad Krstic,PF,5.3,939480,4778548,1.5,NJN,19.0,2005,0.004
343,0.6,0.6,R,0.561,0.424,82,6-10,18.9,0.9,7.2,Matt Bonner,C,3.5,385277,2987000,0.5,TOR,15.7,2005,0.19899999999999998
344,1.1,0.7,R,0.449,0.231,80,6-8,17.3,0.5,5.9,Trevor Ariza,SF,3.0,385277,3100000,0.9,NYK,17.8,2005,0.033
345,1.3,1.2,R,0.402,0.257,30,6-6,15.3,1.2,3.9,Carlos Delfino,SG,1.8,901920,3500000,0.8,DET,16.1,2005,0.299
346,0.5,0.0,1,0.48,0.5,47,6-7,10.0,1.2,3.2,Ronald Dupree,SF,2.0,620046,58393,0.5,DET,16.9,2005,0.016
347,2.2,1.8,R,0.47200000000000003,0.265,61,6-9,27.3,0.1,11.7,Luol Deng,SF,5.3,2273400,9385000,1.9,CHI,22.4,2005,0.18100000000000002
348,4.9,0.8,R,0.35,0.355,82,6-1,26.5,0.7,5.9,Chris Duhon,PG,2.6,385277,5585000,1.5,CHI,13.1,2005,0.5429999999999999
349,2.0,1.7,R,0.414,0.405,82,6-3,24.4,0.7,15.1,Ben Gordon,SG,2.6,3358320,6404750,2.3,CHI,30.4,2005,0.313
350,1.5,1.7,R,0.429,0.258,81,6-7,23.4,0.1,8.4,Andres Nocioni,SF,4.8,2525000,8000000,1.7,CHI,19.7,2005,0.161
351,0.5,1.6,R,0.518,0.0,54,6-10,16.0,0.0,4.9,Anderson Varejao,PF,4.8,788000,5784480,0.5,CLE,14.4,2005,0.01
352,1.0,1.7,R,0.429,0.0,3,6-9,9.0,2.9,2.3,Dorell Wright,SF,0.3,1152240,2612835,1.0,MIA,24.9,2005,0.364
353,0.9,1.5,R,0.521,0.0,82,6-11,32.6,2.0,12.0,Dwight Howard,PF,10.0,4179720,13758000,2.0,ORL,16.7,2005,0.003
354,3.0,2.2,R,0.49700000000000005,0.312,79,6-0,20.4,0.7,8.7,Jameer Nelson,PG,2.4,1106160,7700000,1.5,ORL,21.4,2005,0.225
355,0.9,0.5,R,0.447,0.0,73,6-10,35.6,0.2,15.1,Emeka Okafor,PF,10.9,3739680,9537500,1.7,CHA,21.8,2005,0.001
356,1.9,2.0,R,0.493,0.23199999999999998,80,6-8,29.7,0.3,10.1,Josh Childress,SG,6.0,2490360,6500000,1.3,ATL,16.0,2005,0.087
357,1.7,0.5,R,0.434,0.33299999999999996,62,6-3,13.0,4.7,3.5,Royal Ivey,PG,1.4,425000,854957,0.9,ATL,15.8,2005,0.045
358,1.7,2.0,R,0.466,0.174,74,6-9,27.7,1.7,9.7,Josh Smith,SF,6.2,1270080,10000000,1.8,ATL,18.4,2005,0.038
359,0.4,0.3,R,0.541,0.0,82,6-10,17.0,0.0,5.6,Nick Collison,C,4.6,1969680,6350000,0.8,SEA,15.5,2005,0.008
360,0.9,2.6,R,0.523,0.271,29,6-6,17.9,1.1,6.3,Damien Wilkins,SF,2.3,385277,3100000,0.6,SEA,17.7,2005,0.35100000000000003
361,3.3,0.1,R,0.42100000000000004,0.24600000000000002,68,6-0,19.6,0.5,6.8,Sebastian Telfair,PG,1.5,1559280,2300000,1.8,POR,21.2,2005,0.16
362,0.6,0.8,R,0.406,0.33299999999999996,67,6-9,13.0,,4.1,Kris Humphries,PF,2.9,1481400,3200000,0.8,UTA,20.2,2005,0.021
363,1.3,0.5,1,0.442,0.22699999999999998,43,6-7,16.6,0.6,3.8,Matt Barnes,SF,3.1,695046,3000000,1.0,SAC,13.8,2005,0.146
364,0.5,0.8,R,0.435,0.2,45,6-7,10.1,2.2,2.9,Kevin Martin,PG,1.3,872040,8760335,0.5,SAC,16.1,2005,0.214
365,5.0,,R,0.418,0.0,30,6-7,27.1,,7.4,Shaun Livingston,PG,3.0,3027840,3500000,2.5,LAC,18.0,2005,0.009000000000000001
366,1.4,0.4,R,0.434,0.25,78,6-6,21.3,0.7,5.1,Quinton Ross,SG,2.7,620046,854957,0.7,LAC,13.3,2005,0.011000000000000001
367,1.5,,R,0.29600000000000004,0.27,35,6-7,11.5,,2.9,Sasha Vujacic,SG,1.8,846840,4524887,0.4,LAL,15.8,2005,0.5379999999999999
368,0.4,2.0,R,0.584,0.0,30,6-11,12.8,,3.6,Andris Biedrins,C,3.9,1727760,9000000,0.4,GSW,12.4,2005,0.013000000000000001
369,1.9,1.4,R,0.46399999999999997,0.408,80,6-3,14.4,0.1,5.9,Beno Udrih,PG,1.0,841680,5585000,1.0,SAS,20.5,2005,0.364
370,2.2,0.3,R,0.48100000000000004,0.336,76,6-3,15.4,0.9,5.7,Devin Harris,PG,1.3,2741880,7800000,1.1,DAL,18.8,2005,0.358
371,0.0,3.6,R,0.429,0.39899999999999997,15,7-0,3.9,2.5,1.0,Didier Ilunga-Mbenga,C,0.5,800000,249478,0.3,DAL,16.0,2005,0.0
372,1.9,2.4,R,0.45799999999999996,0.28800000000000003,76,6-6,24.5,7.3,10.3,J.R. Smith,SG,2.0,1206600,4985001,1.4,NOH,23.2,2005,0.376
373,0.3,1.3,R,0.424,0.067,39,6-7,9.5,6.7,1.8,Antoine Wright,SG,0.8,1461360,2110550,0.5,NJN,14.2,2006,0.185
374,0.3,0.0,R,0.45399999999999996,0.2,57,6-10,8.5,,2.3,Shavlik Randolph,PF,2.3,398762,255054,0.4,PHI,14.0,2006,0.0
375,1.0,3.1,R,0.491,0.33299999999999996,61,6-7,22.6,2.9,7.6,Ryan Gomes,PF,4.9,428762,3867500,0.9,BOS,15.9,2006,0.025
376,0.6,0.1,R,0.508,0.3,32,6-7,11.7,,5.2,Gerald Green,SG,1.3,1253040,443181,0.7,BOS,21.7,2006,0.145
377,4.5,1.0,R,0.465,0.163,64,6-3,23.2,,5.5,Jose Calderon,SG,2.2,2190000,8219009,1.6,TOR,14.1,2006,0.138
378,0.8,1.0,R,0.517,0.33299999999999996,80,6-7,19.8,,6.7,Joey Graham,SF,3.1,1388400,884881,1.2,TOR,16.5,2006,0.21
379,1.1,1.0,R,0.503,0.327,81,6-11,29.1,0.3,13.0,Charlie Villanueva,PF,6.4,2360880,6500000,1.2,TOR,21.7,2006,0.228
380,0.8,0.2,R,0.479,0.33299999999999996,65,6-11,24.2,0.4,12.3,Channing Frye,C,5.8,2162880,2000000,1.5,NYK,24.2,2006,0.013999999999999999
381,0.6,0.2,R,0.596,0.25,67,6-9,16.9,0.2,5.1,David Lee,SF,4.5,861360,7000000,0.8,NYK,13.5,2006,0.0
382,2.0,0.2,R,0.41100000000000003,0.397,72,5-9,21.4,0.4,9.3,Nate Robinson,PG,2.3,1102680,4000000,1.6,NYK,22.5,2006,0.258
383,1.0,0.5,R,0.7140000000000001,0.667,3,6-9,13.0,3.8,6.7,Amir Johnson,SF,1.3,398762,3666666,1.3,DET,19.2,2006,0.3
384,0.1,4.2,R,0.426,0.0,26,6-7,6.1,3.8,2.3,Jason Maxiell,PF,1.1,905640,5000000,0.4,DET,24.9,2006,0.0
385,1.2,2.6,R,0.496,0.32299999999999995,78,6-9,22.6,0.3,7.5,Danny Granger,SF,4.9,1318920,9930500,1.0,IND,16.4,2006,0.195
386,2.3,2.0,R,0.536,0.0,82,7-0,28.6,1.2,9.4,Andrew Bogut,PF,7.0,4340520,10000000,1.5,MIL,15.9,2006,0.005
387,0.0,2.8,R,0.313,0.171,8,7-0,5.6,6.1,1.6,Earl Barron,C,1.3,398762,185588,0.6,MIA,23.4,2006,0.0
388,0.3,0.0,R,0.426,0.231,29,6-11,6.0,0.0,2.2,Andray Blatche,PF,1.3,398762,3000000,0.4,WAS,21.5,2006,0.19399999999999998
389,0.7,0.2,R,0.33299999999999996,0.439,23,6-1,10.7,2.5,3.8,Travis Diener,PG,0.9,398762,1740000,0.4,ORL,15.7,2006,0.826
390,0.9,0.3,R,0.415,0.414,36,6-6,15.7,,5.8,Alan Anderson,SF,1.9,398762,1276061,0.9,CHA,18.2,2006,0.32
391,5.6,4.7,R,0.405,0.358,80,6-1,30.1,0.7,11.9,Raymond Felton,PG,3.3,2847360,5501196,2.3,CHA,21.4,2006,0.307
392,0.8,,R,0.46399999999999997,0.245,79,6-9,24.7,1.6,8.5,Marvin Williams,PF,4.8,3883560,7500000,1.1,ATL,16.9,2006,0.1
393,0.2,0.0,R,0.469,0.154,61,6-8,8.5,1.1,3.5,Linas Kleiza,PF,1.9,879360,4995000,0.3,DEN,19.4,2006,0.075
394,0.7,,R,0.41100000000000003,0.25,23,6-6,8.8,,3.4,C.J. Miles,PG,1.7,398762,3700000,0.4,UTA,21.8,2006,0.263
395,4.5,0.3,R,0.423,0.41600000000000004,80,6-3,28.8,0.1,10.8,Deron Williams,PG,2.4,3487400,12323900,1.8,UTA,20.3,2006,0.272
396,0.2,,R,0.51,0.25,68,7-0,18.9,1.1,5.2,Johan Petro,C,4.4,936600,884881,0.9,SEA,13.7,2006,0.0
397,2.8,0.4,R,0.48,0.263,79,6-3,20.2,0.5,6.7,Jarrett Jack,SG,2.0,1058640,4500000,1.3,POR,17.8,2006,0.17800000000000002
398,0.6,1.1,R,0.446,0.35700000000000004,61,6-7,17.5,0.5,6.6,Martell Webster,SF,2.1,2586120,4344000,0.7,POR,18.7,2006,0.523
399,0.2,0.5,R,0.402,0.364,46,7-0,7.3,1.0,1.6,Andrew Bynum,C,1.7,1888680,12526998,0.4,LAL,15.0,2006,0.0
400,0.3,1.2,R,0.19,0.11800000000000001,16,6-5,4.6,1.0,1.3,Von Wafer,SG,0.5,398762,915852,0.1,LAL,26.6,2006,0.447
401,1.4,1.0,R,0.484,0.285,67,6-7,19.4,0.9,5.6,Francisco Garcia,SF,2.8,1016400,5800000,1.1,SAC,15.7,2006,0.42200000000000004
402,0.4,5.1,R,0.484,0.222,29,6-2,5.2,1.5,2.1,Ronnie Price,PG,0.5,398762,1250000,0.3,SAC,22.4,2006,0.466
403,0.4,1.7,R,0.524,0.222,69,6-8,14.9,,7.0,Ike Diogu,PF,3.3,1988160,608772,1.1,GSW,21.0,2006,0.0
404,1.6,,R,0.441,0.341,49,6-3,18.1,,6.8,Monta Ellis,SG,2.1,448762,11000000,1.2,GSW,20.2,2006,0.258
405,0.5,1.9,R,0.484,0.0,59,6-10,8.3,4.1,1.7,Fabricio Oberto,C,2.1,2325000,2100000,0.5,SAS,12.9,2006,0.022000000000000002
406,0.2,0.2,R,0.457,0.33299999999999996,37,6-9,11.6,5.4,3.0,Josh Powell,PF,2.2,398762,959111,0.6,DAL,13.4,2006,0.0
407,0.4,0.9,R,0.44299999999999995,0.16699999999999998,68,6-9,10.6,1.1,4.1,Hakim Warrick,PF,2.1,1196520,3000000,0.8,MEM,22.5,2006,0.0
408,0.1,,R,0.4,0.25,29,6-8,9.2,,2.3,Brandon Bass,PF,2.3,398762,4000000,0.4,NOK,15.6,2006,0.0
409,7.8,1.4,R,0.46399999999999997,0.282,78,6-0,36.0,4.7,16.1,Chris Paul,PG,5.1,3144240,13520500,2.3,NOK,22.2,2006,0.187
410,0.5,0.9,R,0.455,0.2,6,6-6,6.3,,2.8,Stephen Graham,SG,1.2,48630,884881,0.8,HOU,28.6,2006,0.313
411,2.7,0.8,R,0.445,0.361,80,6-3,28.9,1.3,8.8,Luther Head,SG,3.3,975600,884881,1.5,HOU,16.6,2006,0.49700000000000005
412,0.8,0.0,R,0.46799999999999997,0.373,65,7-0,25.1,2.1,11.6,Andrea Bargnani,PF,3.9,4501200,8500000,1.6,TOR,22.6,2007,0.429
413,2.1,0.4,3,0.5,0.441,73,6-6,33.4,2.1,12.4,Anthony Parker,SG,3.9,4150000,2855700,1.0,TOR,15.7,2007,0.38
414,0.2,0.6,R,0.5,0.5,17,6-6,4.9,2.8,1.8,P.J. Tucker,SF,1.4,412718,5500000,0.4,TOR,19.1,2007,0.0
415,3.3,0.1,R,0.446,0.282,79,6-3,16.6,0.7,6.8,Marcus Williams,PG,2.1,1097880,855189,1.8,NJN,25.0,2007,0.31
416,0.4,2.2,R,0.491,0.34700000000000003,67,6-7,17.4,4.1,6.6,Rodney Carney,SF,1.9,1439760,377116,0.6,PHI,18.7,2007,0.184
417,0.6,2.4,R,0.54,0.185,68,6-8,15.6,,4.9,Renaldo Balkman,SF,4.3,1191240,1675000,0.7,NYK,15.5,2007,0.098
418,0.2,2.3,R,0.451,0.0,63,6-8,11.4,,4.2,Leon Powe,C,3.4,432000,915852,0.7,BOS,18.1,2007,0.011000000000000001
419,3.8,2.0,R,0.43200000000000005,0.207,78,6-1,23.5,4.6,6.4,Rajon Rondo,PG,3.7,1143600,9090911,1.8,BOS,16.5,2007,0.064
420,0.4,0.6,R,0.429,0.28,23,6-4,8.8,0.4,3.2,Shannon Brown,SG,0.9,971280,2200000,0.6,CLE,21.1,2007,0.33799999999999997
421,1.2,0.5,R,0.43,0.419,60,6-2,16.5,0.4,4.6,Daniel Gibson,PG,1.5,412718,4015334,0.7,CLE,13.4,2007,0.537
422,0.8,1.6,R,0.439,0.35700000000000004,71,6-7,12.2,3.1,3.6,Thabo Sefolosha,SG,2.2,1679280,3250000,0.8,CHI,17.2,2007,0.16399999999999998
423,0.6,4.5,R,0.479,0.0,72,6-9,13.4,3.1,5.2,Tyrus Thomas,PF,3.7,3260760,6611570,1.3,CHI,20.9,2007,0.006999999999999999
424,0.5,1.4,R,0.519,0.365,46,6-9,12.1,,3.9,Shawne Williams,SG,1.8,1367760,3000000,0.5,IND,15.5,2007,0.325
425,0.7,0.5,R,0.395,0.365,66,6-10,14.7,,6.1,Ersan Ilyasova,PF,2.9,664209,7900000,0.8,MIL,21.0,2007,0.408
426,1.5,0.7,R,0.37799999999999995,0.35100000000000003,42,6-2,9.7,1.2,3.4,Chris Quinn,PG,0.7,412718,861978,0.5,MIA,19.6,2007,0.435
427,0.9,1.7,R,0.433,0.38799999999999996,42,6-4,14.8,1.3,6.0,J.J. Redick,PG,1.2,1860720,7250000,0.5,ORL,18.1,2007,0.503
428,0.0,,R,0.556,0.0,27,7-0,6.9,,2.4,Ryan Hollins,C,1.1,412718,2333333,0.6,CHA,17.1,2007,0.0
429,0.2,0.2,R,0.512,0.0,58,6-10,11.5,0.3,3.3,Solomon Jones,PF,2.3,675000,1500000,0.4,ATL,12.8,2007,0.008
430,0.0,,R,0.33299999999999996,0.667,5,6-6,3.8,0.3,1.6,Jeremy Richardson,SG,0.4,55365,511295,0.2,ATL,16.9,2007,0.5
431,0.5,0.1,R,0.45399999999999996,0.5,81,6-9,18.7,0.8,5.5,Shelden Williams,PF,5.4,2952840,915852,1.2,ATL,15.9,2007,0.011000000000000001
432,0.4,0.2,R,0.5539999999999999,0.0,56,6-7,12.1,0.1,4.6,Ronnie Brewer,SG,1.3,1595400,4790000,0.4,UTA,16.8,2007,0.047
433,0.8,2.6,R,0.527,0.33299999999999996,82,6-8,18.0,0.3,6.8,Paul Millsap,PF,5.2,625000,7600000,1.1,UTA,17.8,2007,0.008
434,0.4,3.9,R,0.505,0.0,63,6-11,22.1,,9.0,LaMarcus Aldridge,C,5.0,4027320,11244000,0.7,POR,19.3,2007,0.004
435,3.3,3.9,R,0.5,0.282,67,6-3,12.9,,3.7,Sergio Rodriguez,PG,1.4,912000,8000000,1.1,POR,17.8,2007,0.35600000000000004
436,4.0,0.7,R,0.475,0.377,57,6-6,35.4,2.8,16.8,Brandon Roy,SG,4.4,2681880,13520500,2.0,POR,23.0,2007,0.191
437,1.5,0.1,2,0.502,0.406,75,6-6,28.6,1.6,8.4,Ime Udoka,SF,3.7,744551,264232,1.0,POR,13.7,2007,0.426
438,2.8,1.0,R,0.45799999999999996,0.368,82,6-4,22.9,,10.1,Randy Foye,PG,2.7,2448240,4250000,1.9,MIN,22.9,2007,0.268
439,0.6,0.5,R,0.5379999999999999,0.0,82,6-7,18.7,,7.4,Craig Smith,PF,5.1,412718,2300000,0.9,MIN,18.7,2007,0.013000000000000001
440,1.9,1.5,R,0.503,0.32799999999999996,72,6-2,15.1,0.5,4.4,Jordan Farmar,PG,1.7,939120,3750000,1.0,LAL,15.8,2007,0.466
441,0.9,1.5,1,0.551,0.0,72,6-10,15.1,0.5,5.3,Ronny Turiaf,C,3.6,664209,4000000,0.7,LAL,15.7,2007,0.004
442,0.6,2.6,1,0.573,0.14300000000000002,78,6-6,22.0,0.4,5.6,Chuck Hayes,PF,6.7,664209,1972500,0.8,HOU,11.9,2007,0.0
443,0.2,2.6,R,0.455,0.33299999999999996,35,6-10,5.5,3.8,1.5,Steve Novak,SF,0.7,600000,350179,0.1,HOU,13.4,2007,0.78
444,0.2,0.5,R,0.544,0.429,56,6-11,11.3,1.1,3.1,Hilton Armstrong,C,2.7,1767600,992680,0.6,NOK,13.6,2007,0.0
445,1.3,0.0,R,0.436,0.364,78,6-8,27.0,3.5,10.8,Rudy Gay,SF,4.5,2242290,13603750,1.8,MEM,21.3,2007,0.188
446,3.2,1.0,R,0.36700000000000005,0.375,10,6-0,17.5,2.3,5.6,Kyle Lowry,PG,3.1,1011720,5750000,1.2,MEM,16.1,2007,0.21100000000000002
447,0.4,1.1,R,0.484,0.0,69,6-9,13.6,0.6,4.5,Glen Davis,C,3.0,427163,6300000,0.9,BOS,17.4,2008,0.0
448,0.3,0.2,R,0.46299999999999997,0.28600000000000003,76,7-0,14.6,1.4,4.5,Jason Smith,PF,3.0,1233840,2500000,0.6,PHI,16.1,2008,0.045
449,0.8,0.3,R,0.5479999999999999,0.316,74,6-8,21.0,0.3,8.2,Thaddeus Young,PF,4.2,1830720,7478261,0.9,PHI,17.4,2008,0.039
450,0.9,,R,0.45799999999999996,0.3,35,6-8,19.6,1.9,7.3,Wilson Chandler,SF,3.6,1091640,5930414,0.8,NYK,19.2,2008,0.124
451,0.7,0.6,R,0.461,0.20800000000000002,75,6-5,12.9,0.1,3.7,Arron Afflalo,SG,1.8,944520,7562500,0.5,DET,15.2,2008,0.19899999999999998
452,2.8,0.5,R,0.41,0.188,57,6-5,19.0,0.1,7.6,Rodney Stuckey,PG,2.3,1569600,8500000,1.4,DET,23.1,2008,0.042
453,0.7,0.4,R,0.507,0.0,61,7-0,10.0,,4.3,Aaron Gray,C,2.8,427163,2500000,0.9,CHI,22.0,2008,0.005
454,1.1,2.8,R,0.484,0.0,74,6-11,20.7,,6.6,Joakim Noah,C,5.6,2135400,12000000,1.2,CHI,15.6,2008,0.003
455,0.8,2.0,R,0.42700000000000005,0.28600000000000003,66,7-0,25.0,,8.6,Yi Jianlian,PF,5.2,2777760,827197,1.4,MIL,18.4,2008,0.04
456,7.5,0.6,R,0.436,0.429,17,6-3,26.5,,8.1,Ramon Sessions,PG,3.4,427163,4257973,2.1,MIL,17.1,2008,0.06
457,0.3,4.0,R,0.47100000000000003,0.0,6,6-11,6.8,2.6,3.0,Marcin Gortat,C,2.7,427163,6790640,0.3,ORL,22.7,2008,0.0
458,0.6,1.8,R,0.392,0.16699999999999998,70,6-9,9.9,2.3,1.3,Dominic McGuire,SG,2.0,427163,915852,0.6,WAS,10.4,2008,0.057999999999999996
459,0.8,1.8,R,0.45,0.4,75,6-7,15.4,2.3,7.5,Nick Young,SG,1.5,1491240,3695857,1.3,WAS,24.9,2008,0.209
460,1.5,1.1,R,0.502,0.0,81,6-10,31.4,2.5,10.1,Al Horford,C,9.7,3745800,12000000,1.7,ATL,16.0,2008,0.006999999999999999
461,2.0,0.0,R,0.433,0.20600000000000002,56,6-3,15.4,0.1,4.2,Acie Law,PG,1.0,1927080,203057,1.0,ATL,16.5,2008,0.14300000000000002
462,1.1,0.2,R,0.502,0.22,73,6-7,19.0,,5.8,Jared Dudley,PF,3.9,1137000,4250000,0.7,CHA,14.9,2008,0.11800000000000001
463,0.1,1.4,R,0.467,0.42100000000000004,24,6-9,20.8,0.7,3.5,Joel Anthony,PF,3.9,427163,3600000,0.7,MIA,9.4,2008,0.0
464,1.3,1.4,R,0.424,0.332,59,6-5,24.4,0.3,8.8,Daequan Cook,SG,3.0,1184400,3341558,1.1,MIA,19.8,2008,0.46299999999999997
465,0.3,0.8,R,0.667,0.0,8,6-10,3.5,,1.5,Josh McRoberts,PF,1.3,427163,3000000,0.3,POR,20.3,2008,0.1
466,1.4,0.8,R,0.389,0.19399999999999998,79,6-9,22.8,0.2,5.8,Corey Brewer,SF,3.7,2535720,3243000,1.1,MIN,15.6,2008,0.07400000000000001
467,2.4,0.1,R,0.455,0.28800000000000003,80,6-9,34.6,0.2,20.3,Kevin Durant,SG,4.4,4171200,15506632,2.9,SEA,28.1,2008,0.15
468,1.5,0.1,R,0.444,0.276,80,6-9,28.2,1.2,10.5,Jeff Green,SF,4.7,3058200,8385000,2.0,SEA,19.4,2008,0.10099999999999999
469,0.5,2.3,R,0.385,0.39,33,6-5,7.3,,2.9,Marco Belinelli,SG,0.4,1345800,3377604,0.4,GSW,19.1,2008,0.441
470,1.1,2.3,R,0.45299999999999996,0.34600000000000003,32,6-2,11.5,,3.7,C.J. Watson,PG,1.0,125479,3400000,0.6,GSW,15.1,2008,0.257
471,0.2,2.3,R,0.5539999999999999,0.39,38,6-10,9.9,,4.0,Brandan Wright,PF,2.6,2323080,5000000,0.3,GSW,16.0,2008,0.0
472,0.6,0.1,R,0.478,0.19,71,7-1,13.1,0.1,4.7,Spencer Hawes,C,3.2,2028600,4051024,0.8,SAC,19.2,2008,0.066
473,0.2,3.3,R,0.5,0.0,6,6-11,3.8,2.8,3.5,Ian Mahinmi,C,0.8,938760,4000000,0.3,SAS,37.4,2008,0.0
474,1.7,1.5,R,0.491,0.33,51,6-0,11.9,0.0,5.2,Aaron Brooks,PG,1.1,972720,3250000,0.9,HOU,21.8,2008,0.484
475,0.5,3.1,R,0.619,0.0,42,6-9,16.9,2.1,8.1,Carl Landry,PF,4.9,427163,8500000,0.6,HOU,18.8,2008,0.005
476,1.3,1.4,R,0.517,0.0,82,6-9,24.7,0.1,10.3,Luis Scola,PF,6.4,2910000,8591793,1.3,HOU,19.8,2008,0.004
477,4.2,0.4,R,0.45299999999999996,0.33,53,6-1,26.1,,9.4,Mike Conley,PG,2.6,3377160,6611571,1.7,MEM,18.8,2008,0.20600000000000002
478,0.4,0.1,R,0.506,0.25,79,6-10,16.0,4.4,7.7,Marreese Speights,C,3.7,1542600,4200000,0.6,PHI,21.9,2009,0.016
479,0.8,0.2,R,0.41700000000000004,0.365,66,6-10,19.9,,7.4,Ryan Anderson,PF,4.7,1225200,8700000,1.0,NJN,18.6,2009,0.46399999999999997
480,1.0,1.2,R,0.532,0.0,82,7-0,30.5,3.9,13.0,Brook Lopez,C,8.1,2098560,13668750,1.8,NJN,20.3,2009,0.002
481,0.5,,R,0.45299999999999996,0.444,28,6-10,14.7,0.7,6.1,Danilo Gallinari,SG,2.0,2873520,9439000,0.5,NYK,16.0,2009,0.5760000000000001
482,0.1,0.2,R,0.515,0.0,62,6-9,11.4,0.4,4.0,J.J. Hickson,C,2.7,1329480,4000000,0.7,CLE,18.0,2009,0.0
483,6.3,2.6,R,0.491,0.222,81,6-3,37.0,0.9,16.8,Derrick Rose,PG,3.9,4822800,17632688,2.5,CHI,22.6,2009,0.06
484,2.8,0.1,1,0.474,0.158,57,6-0,14.1,0.2,7.2,Will Bynum,PG,1.3,711517,3250000,1.3,DET,27.9,2009,0.055999999999999994
485,0.7,0.5,R,0.47100000000000003,0.303,70,7-2,14.4,0.8,7.1,Roy Hibbert,C,3.5,1465400,13686750,0.8,IND,23.3,2009,0.0
486,0.9,0.4,R,0.451,0.373,75,6-6,24.0,0.8,8.1,Brandon Rush,SG,3.1,1799160,4000000,1.0,IND,16.4,2009,0.363
487,1.1,2.2,R,0.466,0.0,82,6-8,25.8,1.0,7.2,Luc Mbah a Moute,PF,5.9,757000,4795192,1.2,MIL,14.3,2009,0.008
488,1.2,1.5,R,0.478,0.40399999999999997,77,6-5,25.2,4.8,8.4,Courtney Lee,SG,2.3,1176240,5000000,0.9,ORL,15.5,2009,0.376
489,1.0,2.2,R,0.478,0.40700000000000003,81,6-9,24.8,6.4,13.9,Michael Beasley,PF,5.4,4314960,5750000,1.5,MIA,27.7,2009,0.085
490,4.9,0.3,R,0.467,0.36700000000000005,82,6-2,32.0,0.4,10.0,Mario Chalmers,PG,2.8,700000,4000000,2.0,MIA,16.3,2009,0.47
491,0.1,1.1,R,0.373,0.0,31,7-2,5.9,,2.3,Alexis Ajinca,PF,1.0,1276320,4300000,0.4,CHA,24.2,2009,0.028999999999999998
492,3.5,3.0,R,0.424,0.439,72,6-0,26.5,1.6,11.8,D.J. Augustin,PG,1.8,2208960,3500000,1.7,CHA,20.8,2009,0.396
493,0.4,2.4,R,0.409,0.303,33,6-7,8.1,,2.6,Cartier Martin,SF,1.0,200252,1145685,0.3,CHA,17.2,2009,0.429
494,0.3,2.1,R,0.494,0.3,75,7-0,15.2,2.5,6.5,JaVale McGee,C,3.9,1392240,10000000,0.8,WAS,20.7,2009,0.0
495,0.9,1.3,R,0.513,0.369,79,6-8,18.4,1.2,5.4,Nicolas Batum,SF,2.8,1040640,10850000,0.6,POR,14.0,2009,0.465
496,1.5,0.0,R,0.38299999999999995,0.259,53,6-3,12.4,3.6,4.3,Jerryd Bayless,PG,1.1,1993560,3000000,1.1,POR,20.9,2009,0.14300000000000002
497,0.4,0.7,R,0.508,0.0,48,7-0,11.8,1.6,4.7,Kosta Koufos,C,2.9,1129320,3000000,0.5,UTA,18.5,2009,0.0
498,1.0,0.1,R,0.469,0.105,81,6-10,25.3,0.6,11.1,Kevin Love,C,9.1,3163680,13668750,1.5,MIN,21.0,2009,0.027999999999999997
499,5.3,1.0,R,0.415,0.271,82,6-3,32.5,0.1,15.3,Russell Westbrook,PG,4.9,3493680,13668750,3.3,OKC,25.8,2009,0.11800000000000001
500,0.9,,R,0.52,0.25,7,6-9,18.6,26.1,8.9,D.J. White,PF,4.6,964080,269368,0.4,OKC,20.0,2009,0.0
501,2.0,,R,0.4,0.37,55,6-3,13.2,1.9,4.5,Goran Dragic,PG,1.9,1700000,7500000,1.3,PHO,19.7,2009,0.24100000000000002
502,0.1,,R,0.522,0.0,60,7-0,10.2,,3.2,Robin Lopez,C,2.0,1623720,4899293,0.5,PHO,14.0,2009,0.006999999999999999
503,1.2,0.3,R,0.483,0.467,67,6-5,22.6,1.9,10.1,Anthony Morrow,SG,3.0,442114,4000000,0.8,GSW,17.7,2009,0.345
504,0.8,0.3,R,0.466,0.0,63,6-10,17.9,,7.9,Anthony Randolph,PF,5.8,1709280,1674641,1.3,GSW,21.7,2009,0.009000000000000001
505,2.8,3.7,R,0.496,0.389,78,6-4,34.3,1.4,16.1,Eric Gordon,SG,2.6,2623200,13668750,2.1,LAC,20.7,2009,0.374
506,0.2,0.6,R,0.633,0.0,53,6-11,14.5,,4.3,DeAndre Jordan,C,4.5,550000,10532977,0.8,LAC,13.9,2009,0.0
507,1.1,0.2,R,0.502,0.0,82,6-11,28.1,1.6,11.1,Jason Thompson,PF,7.4,1893840,5250000,1.8,SAC,19.3,2009,0.011000000000000001
508,1.8,1.0,R,0.42100000000000004,0.32899999999999996,77,6-3,16.5,4.2,5.7,George Hill,PG,2.1,1006200,8000000,1.0,SAS,19.5,2009,0.196
509,0.9,2.7,R,0.41700000000000004,0.22,19,6-8,10.9,2.7,2.7,Anthony Tolliver,PF,2.2,187248,2050000,0.4,SAS,17.8,2009,0.631
510,0.6,0.8,R,0.44,0.0,76,6-9,19.3,,5.6,Darrell Arthur,PF,4.6,977160,3231683,0.6,MEM,16.3,2009,0.005
511,1.7,1.5,R,0.53,0.0,82,7-1,30.7,0.5,11.9,Marc Gasol,C,7.4,3093333,13891359,2.0,MEM,18.3,2009,0.002
512,0.4,2.7,R,0.484,0.384,19,7-2,6.3,,2.5,Hamed Haddadi,C,2.5,1572221,1300000,0.5,MEM,20.7,2009,0.0
513,3.2,1.5,R,0.461,0.384,82,6-5,38.0,0.7,18.5,O.J. Mayo,SG,3.8,3875040,4020000,2.8,MEM,24.5,2009,0.295
514,0.7,0.8,R,0.506,0.25,77,6-7,21.6,1.4,8.6,DeMar DeRozan,SG,2.9,2282640,9500000,0.8,TOR,18.1,2010,0.031
515,2.0,1.3,R,0.514,0.389,56,6-2,19.4,1.7,8.6,Toney Douglas,PG,1.9,996240,1600000,1.0,NYK,19.8,2010,0.44799999999999995
516,3.8,0.4,R,0.465,0.39,73,6-4,24.2,0.3,8.0,Jrue Holiday,PG,2.6,1514280,9213484,2.1,PHI,18.4,2010,0.306
517,0.9,,R,0.512,0.38,19,6-4,12.3,2.3,5.9,Jodie Meeks,SG,1.4,650000,1550000,0.3,PHI,20.3,2010,0.5489999999999999
518,0.3,0.5,R,0.529,0.273,20,6-6,5.8,7.5,2.0,Danny Green,SG,0.9,457588,3762500,0.3,CLE,18.9,2010,0.564
519,5.7,0.2,R,0.37,0.374,82,6-1,32.6,0.6,15.5,Brandon Jennings,PG,3.4,2168520,7655503,2.4,MIL,26.1,2010,0.319
520,0.9,1.8,R,0.494,0.28,82,6-9,26.9,0.8,9.0,Taj Gibson,PF,7.5,1039800,7550000,1.4,CHI,16.7,2010,0.0
521,0.7,1.7,R,0.488,0.326,65,6-9,11.6,0.8,3.9,James Johnson,PF,2.0,1594080,2500000,1.0,CHI,18.0,2010,0.21899999999999997
522,1.0,1.3,R,0.36700000000000005,0.0,29,6-9,17.6,,8.5,Tyler Hansbrough,PF,4.8,1859160,3183000,0.7,IND,25.5,2010,0.018000000000000002
523,1.9,1.4,R,0.47200000000000003,0.345,56,6-2,15.4,0.2,7.3,A.J. Price,PG,1.6,457588,62552,1.1,IND,22.7,2010,0.49200000000000005
524,0.5,,R,0.54,0.305,69,6-11,13.3,,5.1,Austin Daye,SF,2.5,1677840,947907,0.7,DET,18.5,2010,0.322
525,0.7,3.9,R,0.52,0.313,80,6-10,27.9,0.1,9.3,Jonas Jerebko,PF,6.0,457588,4500000,1.0,DET,15.7,2010,0.191
526,1.7,1.3,R,0.426,0.21899999999999997,71,6-2,10.1,1.8,3.2,Jeff Teague,PG,0.9,1373880,8000000,0.7,ATL,19.1,2010,0.141
527,0.3,3.0,R,0.38799999999999996,0.21100000000000002,43,6-5,8.3,0.2,2.6,Gerald Henderson,SG,1.3,1957080,6000000,0.3,CHA,18.2,2010,0.183
528,3.1,0.5,R,0.544,0.41,65,5-11,20.3,1.8,8.3,Ty Lawson,PG,1.9,1438690,10786517,1.3,DEN,18.0,2010,0.213
529,1.5,2.9,R,0.525,0.382,82,6-5,24.7,0.3,9.4,Wesley Matthews,SG,2.3,457588,6875480,1.1,UTA,16.5,2010,0.292
530,0.2,0.2,R,0.5,0.0,63,6-8,11.2,0.6,3.9,Dante Cunningham,PF,2.5,457588,2180000,0.2,POR,16.8,2010,0.009000000000000001
531,1.8,0.3,R,0.424,0.375,76,6-5,22.9,0.7,9.9,James Harden,SG,3.2,4054160,13701250,1.4,OKC,20.4,2010,0.429
532,0.1,0.8,R,0.5429999999999999,0.5,73,6-10,18.1,3.3,6.3,Serge Ibaka,PF,5.4,1120200,12250000,0.9,OKC,16.2,2010,0.005
533,3.4,0.4,R,0.452,0.36200000000000004,55,6-3,16.5,3.3,4.5,Eric Maynor,PG,1.7,1318920,2016000,1.0,OKC,15.3,2010,0.2
534,0.1,0.3,R,0.368,0.365,13,7-0,4.2,8.3,1.1,Byron Mullens,PF,0.8,1120200,947907,0.3,OKC,19.1,2010,0.0
535,1.0,2.0,R,0.441,0.395,76,6-4,18.2,,6.6,Wayne Ellington,SG,2.1,1003560,2652000,1.0,MIN,17.4,2010,0.36200000000000004
536,0.4,1.9,R,0.37,0.4,51,6-10,7.5,0.3,2.7,Earl Clark,PF,1.2,1766280,4250000,0.5,PHO,21.9,2010,0.033
537,5.9,2.5,R,0.474,0.43700000000000006,80,6-3,36.2,1.8,17.5,Stephen Curry,PG,4.5,2710560,9887642,3.0,GSW,21.8,2010,0.332
538,1.2,1.1,R,0.48,0.369,77,6-9,25.1,1.9,10.3,Omri Casspi,SF,4.5,1167000,947907,1.3,SAC,19.4,2010,0.302
539,5.8,0.0,R,0.485,0.255,72,6-6,37.2,1.6,20.1,Tyreke Evans,SG,5.3,3610080,10300000,3.0,SAC,26.2,2010,0.121
540,0.8,1.4,R,0.5579999999999999,0.0,82,6-7,18.2,2.1,7.8,DeJuan Blair,PF,6.4,850000,947907,1.4,SAS,20.8,2010,0.004
541,1.2,1.4,R,0.49700000000000005,0.369,74,6-7,20.1,0.3,8.9,Chase Budinger,SF,3.0,457588,5000000,0.6,HOU,19.4,2010,0.441
542,0.6,1.4,R,0.532,0.34600000000000003,23,6-10,16.2,,6.4,Jordan Hill,PF,5.0,2483280,3563600,0.8,HOU,17.6,2010,0.0
543,0.5,0.1,R,0.40700000000000003,0.0,71,6-8,11.2,0.4,2.9,DeMarre Carroll,SF,2.1,1009680,2557545,0.3,MEM,14.8,2010,0.027000000000000003
544,0.2,2.4,R,0.588,0.0,68,7-3,13.0,0.4,3.1,Hasheem Thabeet,C,3.6,4458840,1200000,0.6,MEM,10.7,2010,0.0
545,5.7,0.6,R,0.49,0.4,76,6-0,27.8,0.2,12.4,Darren Collison,PG,2.5,1266120,1900000,2.7,NOH,23.1,2010,0.146
546,1.6,0.6,R,0.493,0.374,73,6-4,25.6,2.3,14.5,Marcus Thornton,SG,2.9,457888,8050000,1.0,NOH,25.3,2010,0.354
547,0.4,0.0,R,0.371,0.0,31,6-2,5.2,6.7,1.7,Avery Bradley,PG,0.5,1418160,7191011,0.5,BOS,26.1,2011,0.075
548,0.3,4.2,R,0.667,0.0,4,6-11,8.0,6.7,1.5,Chris Johnson,C,1.3,136509,61290,0.5,BOS,8.8,2011,0.0
549,1.9,0.1,R,0.556,0.39299999999999996,82,6-7,31.0,0.5,9.7,Landry Fields,SG,6.4,473604,6250000,1.3,NYK,13.5,2011,0.364
550,2.0,0.7,R,0.435,0.318,78,6-7,23.0,2.9,7.2,Evan Turner,SG,3.9,4602720,3278000,1.0,PHI,17.0,2011,0.083
551,0.6,0.5,R,0.5760000000000001,0.33799999999999997,65,6-10,24.6,1.4,7.7,Ed Davis,PF,7.1,1919160,981084,0.7,TOR,13.3,2011,0.0
552,0.4,3.0,R,0.5529999999999999,0.222,82,7-0,12.1,1.2,2.8,Omer Asik,C,3.7,1721000,8374646,0.8,CHI,12.5,2011,0.0
553,1.1,1.2,R,0.537,0.297,61,6-9,20.7,4.5,7.8,Paul George,SG,3.7,2238360,15925680,1.1,IND,17.8,2011,0.349
554,1.8,1.1,R,0.382,0.0,12,6-5,9.6,4.5,3.1,Lance Stephenson,SG,1.5,750000,9000000,1.3,IND,23.5,2011,0.128
555,0.3,3.0,R,0.433,0.235,60,6-11,14.5,0.8,4.3,Larry Sanders,C,3.0,1731960,11000000,0.6,MIL,17.6,2011,0.0
556,0.7,1.3,1,0.364,0.3,9,6-6,9.2,,1.9,Garrett Temple,SG,0.7,98637,981084,0.2,MIL,14.0,2011,0.47600000000000003
557,1.3,1.0,R,0.552,0.0,80,6-11,27.8,1.4,9.4,Greg Monroe,C,7.5,2798040,5479934,1.0,DET,15.4,2011,0.002
558,0.8,0.9,1,0.49200000000000005,0.34700000000000003,40,6-6,24.3,4.5,7.4,Alonzo Gee,SG,3.9,479735,3500000,1.1,CLE,14.6,2011,0.209
559,0.5,0.3,R,0.552,0.0,65,6-8,16.4,0.2,5.3,Trevor Booker,PF,3.9,1204560,5000000,0.6,WAS,13.9,2011,0.004
560,3.9,1.2,R,0.43799999999999994,0.23800000000000002,26,6-4,33.3,1.2,16.3,Jordan Crawford,SG,3.0,1042320,234915,2.6,WAS,26.8,2011,0.239
561,0.2,1.2,R,0.449,0.39399999999999996,58,6-9,10.9,,2.7,Kevin Seraphin,PF,2.6,1563120,3898692,0.7,WAS,14.1,2011,0.0
562,8.3,1.7,R,0.425,0.29600000000000004,69,6-4,37.8,0.0,16.4,John Wall,PG,4.6,5144280,14746000,3.8,WAS,23.8,2011,0.11800000000000001
563,0.2,2.6,R,0.5329999999999999,0.25,18,6-11,7.9,4.4,1.0,Cole Aldrich,C,1.9,2126520,1100600,0.4,OKC,7.9,2011,0.0
564,0.0,2.7,R,0.524,0.423,11,7-1,6.0,0.0,2.5,Timofey Mozgov,C,1.5,3567096,4650000,0.3,DEN,18.6,2011,0.0
565,0.3,1.3,R,0.308,0.188,24,6-9,5.7,1.5,1.5,Luke Babbitt,SF,1.3,1645440,1100000,0.3,POR,22.8,2011,0.29100000000000004
566,0.5,0.2,R,0.667,0.0,49,6-9,9.4,1.0,3.6,Jeremy Evans,SF,2.0,473604,1794871,0.4,UTA,14.9,2011,0.009000000000000001
567,0.8,0.5,R,0.529,0.336,22,6-10,20.2,,8.2,Derrick Favors,PF,5.2,4133280,12833333,1.0,UTA,19.2,2011,0.0
568,1.1,0.4,R,0.489,0.473,72,6-8,16.9,1.3,5.4,Gordon Hayward,SF,1.9,2356320,14746000,1.0,UTA,15.3,2011,0.253
569,1.9,3.0,R,0.42700000000000005,0.35600000000000004,79,6-7,26.2,0.5,9.0,Wesley Johnson,SG,3.0,3726600,981084,1.2,MIN,16.8,2011,0.424
570,0.4,,R,0.517,0.28300000000000003,65,6-11,13.6,,5.5,Nikola Pekovic,C,3.0,4000000,12100000,1.4,MIN,19.4,2011,0.0
571,1.4,3.0,R,0.40299999999999997,0.2,29,6-3,9.8,,2.6,Jeremy Lin,PG,1.2,473604,8374646,0.6,GSW,15.6,2011,0.069
572,0.7,2.2,R,0.43700000000000006,0.405,58,6-10,17.8,,4.1,Ekpe Udoh,C,3.1,3065040,981084,0.8,GSW,12.8,2011,0.0
573,1.5,1.9,1,0.502,0.423,80,6-6,20.3,1.4,9.2,Reggie Williams,SF,2.7,762195,252676,0.7,GSW,18.7,2011,0.42100000000000004
574,0.7,0.1,R,0.43700000000000006,0.315,81,6-9,17.9,1.5,5.6,Al-Farouq Aminu,SF,3.3,2563320,981084,1.3,LAC,17.3,2011,0.35200000000000004
575,3.6,0.6,R,0.47,0.276,81,6-1,22.7,1.5,6.7,Eric Bledsoe,PG,2.8,1485000,12173913,2.4,LAC,17.9,2011,0.239
576,3.8,0.9,R,0.51,0.292,82,6-10,38.0,2.2,22.5,Blake Griffin,PF,12.1,5357280,17674612,2.7,LAC,27.3,2011,0.017
577,2.5,1.5,R,0.435,0.16699999999999998,81,6-11,28.5,0.6,14.1,DeMarcus Cousins,C,8.6,3374640,13701250,3.3,SAC,27.2,2011,0.018000000000000002
578,0.0,0.0,R,0.54,0.35700000000000004,1,7-0,2.0,,0.0,Hassan Whiteside,C,0.0,730437,22116750,0.0,SAC,0.0,2011,
579,0.7,2.5,R,0.371,0.391,26,6-6,11.0,3.5,3.6,James Anderson,SF,0.9,1361400,916099,0.5,SAS,16.4,2011,0.568
580,1.2,2.2,R,0.48100000000000004,0.419,80,6-4,21.1,0.9,9.8,Gary Neal,SG,2.5,525000,3250000,1.0,SAS,20.6,2011,0.48700000000000004
581,0.4,0.7,R,0.532,0.0,60,6-11,12.3,3.5,4.6,Tiago Splitter,C,3.4,3400000,9250000,0.5,SAS,17.7,2011,0.005
582,0.4,0.0,R,0.423,0.36,66,6-7,11.1,3.4,2.8,Quincy Pondexter,SF,1.3,1073280,3146068,0.2,NOH,13.7,2011,0.278
583,2.2,1.3,R,0.47600000000000003,0.29100000000000004,70,6-6,12.3,0.4,3.6,Greivis Vasquez,SG,1.0,1035960,6400000,1.0,MEM,16.9,2011,0.369
584,0.8,0.5,R,0.562,0.0,52,6-9,16.7,0.0,6.3,Patrick Patterson,PF,3.8,1823280,5831326,0.6,HOU,16.1,2011,0.006999999999999999
585,0.9,0.3,R,0.382,0.37799999999999995,38,6-4,8.7,5.1,2.9,E'Twaun Moore,PG,0.9,473604,1015421,0.6,BOS,19.9,2012,0.39799999999999996
586,2.8,1.4,R,0.44,0.306,59,6-5,28.9,3.7,9.5,Iman Shumpert,PG,3.2,1563120,9000000,1.9,NYK,18.2,2012,0.294
587,0.8,1.8,R,0.473,0.0,41,6-9,15.2,1.4,4.1,Lavoy Allen,PF,4.2,473604,3700000,0.5,PHI,14.5,2012,0.0
588,0.6,1.1,R,0.452,0.375,51,7-0,15.9,1.4,5.5,Nikola Vucevic,C,4.8,1645400,11250000,0.6,PHI,19.6,2012,0.027000000000000003
589,0.3,0.4,R,0.441,0.182,42,6-8,8.5,0.1,2.6,Jimmy Butler,SG,1.3,1020960,15260000,0.3,CHI,14.9,2012,0.139
590,0.5,3.4,R,0.5,0.261,42,6-9,11.4,,5.0,Tobias Harris,SF,2.4,1418160,16000000,0.7,MIL,20.6,2012,0.136
591,0.5,3.4,R,0.516,0.33299999999999996,46,6-10,12.1,,4.7,Jon Leuer,PF,2.6,473604,10991957,0.4,MIL,17.6,2012,0.047
592,3.8,1.4,R,0.434,0.38,66,6-3,32.3,0.0,12.8,Brandon Knight,PG,3.2,2563320,12000000,2.6,DET,21.7,2012,0.359
593,5.4,1.7,R,0.491,0.39899999999999997,51,6-3,30.5,4.9,18.5,Kyrie Irving,PG,3.7,5144280,14746000,3.1,CLE,28.7,2012,0.245
594,0.5,1.7,R,0.441,0.0,60,6-9,23.7,0.7,8.2,Tristan Thompson,PF,6.5,3726600,14260870,1.4,CLE,19.2,2012,0.005
595,2.0,3.3,R,0.41700000000000004,0.276,65,6-2,19.4,0.1,6.8,Norris Cole,PG,1.4,1035960,3036927,1.6,MIA,21.8,2012,0.16899999999999998
596,1.0,1.5,R,0.429,0.0,5,6-3,4.0,0.8,1.2,Donald Sloan,PG,1.0,122237,884293,0.4,ATL,23.5,2012,0.125
597,0.3,0.1,R,0.5710000000000001,0.0,17,6-6,6.8,1.2,1.9,DeAndre Liggins,SF,0.9,473604,754378,0.6,ORL,17.7,2012,0.16
598,2.0,0.6,R,0.42700000000000005,0.28600000000000003,64,6-3,12.2,0.4,3.6,Shelvin Mack,PG,1.4,473604,2433333,0.8,WAS,16.9,2012,0.191
599,0.4,1.5,R,0.46399999999999997,0.308,63,6-9,23.1,0.8,5.2,Bismack Biyombo,C,5.8,2798040,3000000,1.1,CHA,13.1,2012,0.0
600,4.4,1.5,R,0.392,0.305,66,6-1,27.2,0.6,12.1,Kemba Walker,PG,3.5,2356320,12000000,1.8,CHA,25.2,2012,0.295
601,1.6,2.7,R,0.392,0.21,45,6-3,11.1,0.5,3.1,Reggie Jackson,PG,1.2,1156320,14000000,0.8,OKC,18.7,2012,0.39
602,0.8,1.0,R,0.586,0.26,46,6-8,22.5,2.3,10.2,Kenneth Faried,PF,7.7,1254720,11235955,1.2,DEN,18.7,2012,0.0
603,0.8,0.5,R,0.484,0.36200000000000004,26,6-7,9.9,4.8,4.4,Jordan Hamilton,SF,2.4,1073286,119462,0.6,DEN,22.3,2012,0.423
604,0.9,4.7,R,0.442,0.33299999999999996,59,6-6,15.9,0.5,7.2,Alec Burks,SG,2.2,2020200,9213484,0.9,UTA,22.5,2012,0.126
605,0.1,4.7,R,0.498,0.0,66,6-11,13.2,0.5,4.6,Enes Kanter,C,4.2,4133280,16400000,0.8,UTA,17.3,2012,0.004
606,8.2,1.1,R,0.363,0.34,41,6-4,34.2,2.1,10.6,Ricky Rubio,PG,4.2,3480120,12365000,3.2,MIN,18.7,2012,0.242
607,0.6,1.1,R,0.467,0.268,66,6-8,21.5,2.1,8.8,Derrick Williams,PF,4.7,4602720,4900000,1.2,MIN,20.7,2012,0.27699999999999997
608,1.0,1.0,R,0.42,0.34700000000000003,63,6-10,19.5,0.0,7.4,Markieff Morris,PF,4.4,1919160,8000000,1.1,PHO,20.4,2012,0.284
609,2.0,2.0,R,0.46,0.414,66,6-7,24.4,0.9,12.5,Klay Thompson,SG,2.4,2126520,15500000,1.6,GSW,24.7,2012,0.373
610,1.8,1.3,R,0.409,0.361,61,6-2,18.6,,7.6,Jimmer Fredette,PG,1.2,2238360,59731,1.1,SAC,20.4,2012,0.484
611,4.1,1.3,R,0.491,0.379,65,5-9,25.5,3.2,11.5,Isaiah Thomas,PG,2.6,473604,6912869,1.6,SAC,19.8,2012,0.384
612,1.2,5.0,R,0.345,0.2,29,6-3,9.2,4.3,2.0,Cory Joseph,PG,0.9,1028400,7000000,0.4,SAS,15.4,2012,0.214
613,1.1,2.3,R,0.536,0.376,64,6-7,24.0,2.0,7.9,Kawhi Leonard,SF,5.1,1731960,16500000,0.7,SAS,14.5,2012,0.27
614,0.2,2.6,R,0.37799999999999995,0.11800000000000001,17,6-9,7.4,,2.4,Marcus Morris,PF,0.9,1823280,5000000,0.2,HOU,22.2,2012,0.315
615,2.1,1.2,R,0.507,0.337,63,6-10,28.6,0.5,9.5,Chandler Parsons,SF,4.8,850000,15361500,1.3,HOU,16.7,2012,0.324
616,0.1,2.6,R,0.636,0.222,8,6-10,8.6,,1.8,Greg Smith,C,2.5,301733,247623,0.1,HOU,7.9,2012,0.0
617,0.3,0.1,R,0.456,0.0,42,6-8,15.0,2.2,4.0,Lance Thomas,PF,3.0,328444,1650000,0.6,NOH,13.3,2012,0.008
618,0.4,0.3,R,0.442,0.34299999999999997,53,6-9,9.4,0.4,3.5,Mirza Teletovic,PF,1.8,3090000,10500000,0.4,BRK,19.4,2013,0.584
619,0.4,1.3,R,0.562,0.5,29,6-7,11.8,,4.0,Quincy Acy,PF,2.7,665000,1914544,0.6,TOR,14.7,2013,0.027000000000000003
620,0.7,0.4,R,0.46399999999999997,0.332,73,6-7,17.0,0.4,6.4,Terrence Ross,SG,2.0,2563320,10000000,0.7,TOR,19.6,2013,0.429
621,0.7,0.9,R,0.557,0.33299999999999996,62,7-0,23.9,4.1,8.9,Jonas Valanciunas,C,6.0,3627720,14382022,1.5,TOR,16.9,2013,0.0
622,0.1,2.3,R,0.23800000000000002,0.36200000000000004,14,6-11,3.9,2.1,0.9,Miles Plumlee,C,1.6,1073280,12500000,0.2,IND,21.4,2013,0.0
623,0.5,1.0,R,0.486,0.0,63,6-11,13.1,0.7,6.0,John Henson,PF,4.7,1823280,12517606,0.7,MIL,22.6,2013,0.009000000000000001
624,0.5,2.6,R,0.609,0.5,60,6-11,20.7,0.8,7.9,Andre Drummond,C,7.6,2356320,22116750,1.0,DET,17.2,2013,0.006
625,1.0,,R,0.5,0.311,27,6-8,17.6,,6.1,Khris Middleton,SG,1.9,473604,15200000,0.4,DET,15.9,2013,0.319
626,0.9,1.1,R,0.46399999999999997,0.35,82,6-8,28.0,0.8,8.8,Kyle Singler,SF,4.0,1000000,4837500,1.2,DET,15.8,2013,0.312
627,3.0,2.2,R,0.446,0.31,61,6-4,28.8,1.7,14.7,Dion Waiters,SG,2.4,3726600,2898000,2.0,CLE,26.1,2013,0.249
628,1.2,0.4,R,0.441,0.0,77,7-0,26.4,1.7,7.9,Tyler Zeller,C,5.7,1563120,8000000,1.2,CLE,15.9,2013,0.006999999999999999
629,0.9,0.7,R,0.5,0.384,61,6-4,14.8,0.2,6.1,John Jenkins,SG,1.5,1204560,469841,0.7,ATL,18.7,2013,0.469
630,0.3,0.7,R,0.479,0.0,40,6-8,9.4,0.2,4.6,Mike Scott,PF,2.8,473604,1471382,0.5,ATL,23.7,2013,0.006999999999999999
631,2.4,0.0,R,0.424,0.386,56,6-5,31.2,0.0,13.9,Bradley Beal,SG,3.8,4133280,22116750,1.6,WAS,22.2,2013,0.344
632,1.5,0.1,R,0.462,0.222,78,6-7,26.0,1.4,9.0,Michael Kidd-Gilchrist,SF,5.8,4602720,13000000,1.3,CHA,17.9,2013,0.015
633,0.7,0.7,R,0.51,0.27399999999999997,76,6-9,26.0,2.9,8.2,Maurice Harkless,SF,4.4,1731960,8988764,0.9,ORL,15.9,2013,0.207
634,0.6,0.3,R,0.527,0.309,75,6-9,16.7,0.0,7.8,Andrew Nicholson,PF,3.4,1418160,6088993,1.1,ORL,22.1,2013,0.0
635,0.9,1.0,R,0.515,0.0,57,6-10,11.2,,4.1,Kyle O'Quinn,C,3.7,788872,3900000,0.6,ORL,18.1,2013,0.005
636,0.2,2.6,R,0.395,0.3,23,6-5,6.4,6.0,3.1,Jeremy Lamb,SF,0.8,2020200,6511628,0.3,OKC,24.8,2013,0.441
637,1.2,0.2,R,0.541,0.40700000000000003,38,6-7,11.3,1.0,5.3,Evan Fournier,SG,0.9,1361400,17000000,0.8,DEN,20.4,2013,0.355
638,0.8,0.0,R,0.447,0.138,73,6-6,12.2,,4.0,Will Barton,SG,2.0,550000,3533333,0.8,POR,20.4,2013,0.21
639,0.5,0.0,R,0.5479999999999999,0.429,69,7-1,17.5,,5.5,Meyers Leonard,C,3.7,2126520,9213484,0.7,POR,13.9,2013,0.025
640,6.5,1.1,R,0.469,0.368,82,6-3,38.6,2.7,19.0,Damian Lillard,PG,3.1,3065040,24328425,3.0,POR,24.2,2013,0.391
641,1.2,2.6,R,0.46399999999999997,0.359,81,6-8,25.4,0.0,9.2,Harrison Barnes,SF,4.1,2798040,22116750,1.2,GSW,17.7,2013,0.231
642,0.4,2.3,R,0.402,0.294,61,6-5,4.4,4.9,2.0,Kent Bazemore,SG,0.4,473604,15730338,0.3,GSW,25.7,2013,0.293
643,0.7,1.7,R,0.368,0.209,79,6-7,13.4,4.9,2.9,Draymond Green,SF,3.3,850000,15330435,0.6,GSW,14.0,2013,0.261
644,0.3,0.4,R,0.514,0.0,16,6-10,8.8,3.4,2.7,Aron Baynes,C,2.0,401170,6500000,0.7,SAS,17.1,2013,0.027999999999999997
645,2.9,1.4,R,0.462,0.375,41,6-1,17.4,2.0,5.6,Patrick Beverley,PG,2.7,281377,6000000,1.1,HOU,15.4,2013,0.508
646,0.8,2.6,R,0.507,0.263,19,6-9,14.5,0.9,5.5,Terrence Jones,PF,3.4,1485000,236457,0.7,HOU,18.1,2013,0.20199999999999999
647,0.7,2.6,R,0.562,0.289,44,7-0,12.2,0.9,5.7,Donatas Motiejunas,PF,2.1,1453520,576724,0.8,HOU,22.1,2013,0.39
648,0.5,1.2,R,0.455,0.0,19,6-10,13.0,0.9,4.5,Thomas Robinson,PF,4.1,3374640,1050961,1.2,HOU,20.8,2013,0.013000000000000001
649,1.2,0.4,R,0.446,0.32799999999999996,78,6-6,17.3,0.5,5.0,Jae Crowder,SF,2.4,600491,6286408,0.6,DAL,15.1,2013,0.523
650,1.0,1.9,R,0.521,0.0,64,6-10,28.8,0.5,13.5,Anthony Davis,PF,8.2,5144280,22116750,1.4,NOH,21.8,2013,0.009000000000000001
651,2.1,0.0,R,0.385,0.326,61,6-4,23.2,1.1,6.2,Austin Rivers,SG,1.8,2238360,11000000,1.2,NOH,16.8,2013,0.221
652,2.8,0.0,R,0.43,0.386,78,6-1,17.0,1.1,7.1,Brian Roberts,PG,1.2,473604,1050961,0.9,NOH,21.6,2013,0.299
653,0.9,1.9,R,0.6659999999999999,0.0,70,6-11,18.2,0.5,7.4,Mason Plumlee,C,4.4,1298640,14041096,1.1,BRK,17.1,2014,0.01
654,1.6,0.2,R,0.5,0.35100000000000003,70,7-0,20.0,0.3,8.7,Kelly Olynyk,C,5.2,1986360,10607169,1.5,BOS,21.0,2014,0.22699999999999998
655,6.3,0.4,R,0.44,0.264,70,6-6,34.5,0.0,16.7,Michael Carter-Williams,PG,6.2,2200920,2700000,3.5,PHI,25.7,2014,0.19699999999999998
656,0.4,1.0,R,0.588,0.304,28,6-7,8.1,4.1,1.7,Solomon Hill,SF,1.5,1246680,12236535,0.5,IND,11.3,2014,0.575
657,0.9,0.7,R,0.456,0.32,77,6-7,16.0,0.7,4.5,Tony Snell,SG,1.6,1409040,9821429,0.6,CHI,14.9,2014,0.53
658,0.7,0.2,R,0.447,0.319,80,6-5,19.8,,5.9,Kentavious Caldwell-Pope,SG,2.0,2653080,17745894,0.4,DET,13.9,2014,0.402
659,1.9,0.7,R,0.44,0.34700000000000003,77,6-11,24.6,1.9,6.8,Giannis Antetokounmpo,SF,4.4,1792560,22471910,1.6,MIL,15.0,2014,0.282
660,0.3,0.0,R,0.414,0.19,37,6-8,8.6,3.8,2.1,Otto Porter,SF,1.5,4278000,24773250,0.4,WAS,15.6,2014,0.231
661,1.1,1.8,R,0.42700000000000005,0.0,82,7-0,17.3,0.8,6.0,Cody Zeller,C,4.3,3857040,12584270,1.1,CHA,18.9,2014,0.002
662,4.1,0.8,R,0.44799999999999995,0.327,80,6-4,31.1,1.1,13.8,Victor Oladipo,PG,4.1,4763760,21000000,3.2,ORL,24.4,2014,0.24100000000000002
663,0.5,2.4,R,0.503,0.361,81,7-0,14.8,0.6,3.3,Steven Adams,C,4.1,2090880,22471910,0.9,OKC,11.7,2014,0.0
664,0.4,1.9,R,0.564,0.154,40,6-7,10.0,2.6,1.9,Andre Roberson,SG,2.4,1110840,9259259,0.5,OKC,10.1,2014,0.191
665,0.7,0.4,R,0.449,0.375,38,6-3,12.5,3.4,5.3,CJ McCollum,SG,1.3,2316720,23962573,0.9,POR,20.9,2014,0.449
666,0.7,3.1,R,0.496,1.0,60,6-11,13.6,,4.8,Gorgui Dieng,C,5.0,1352640,14112360,0.9,MIN,16.8,2014,0.004
667,0.2,,R,0.478,0.273,37,6-6,7.8,,3.9,Shabazz Muhammad,SG,1.4,1887120,324203,0.4,MIN,23.1,2014,0.08900000000000001
668,5.7,1.4,R,0.41,0.33,70,6-1,32.3,0.5,12.8,Trey Burke,PG,3.0,2438760,784160,1.9,UTA,21.8,2014,0.375
669,0.2,1.8,R,0.486,0.355,45,7-1,9.6,,2.3,Rudy Gobert,C,3.4,1078800,21974719,0.7,UTA,14.2,2014,0.0
670,0.3,2.1,R,0.43799999999999994,0.301,43,6-7,9.2,2.0,2.7,Reggie Bullock,SF,1.3,1149000,2500000,0.3,LAC,15.4,2014,0.603
671,0.4,,R,0.542,0.139,52,6-5,10.3,,3.7,Archie Goodwin,SG,1.7,1064400,95600,0.8,PHO,19.4,2014,0.21600000000000003
672,0.1,,R,0.423,0.29,42,7-1,8.6,,2.0,Alex Len,C,2.4,3492720,4187599,0.6,PHO,14.3,2014,0.0
673,1.0,0.5,R,0.419,0.32,82,6-5,26.7,1.9,8.8,Ben McLemore,SG,2.9,2895960,5200000,1.2,SAC,16.9,2014,0.43700000000000006
674,3.1,2.0,1,0.4,0.364,22,6-0,25.9,1.1,12.6,Isaiah Canaan,PG,2.5,816482,997547,1.8,PHI,23.2,2015,0.6559999999999999
675,7.2,,R,0.313,0.273,6,6-1,28.5,,5.7,Tim Frazier,PG,3.2,59686,2090000,3.0,PHI,17.2,2015,0.256
676,0.8,0.7,R,0.461,0.326,62,6-7,17.0,0.6,5.0,James Ennis,SF,2.8,507336,3028410,0.6,MIA,14.6,2015,0.385
677,1.0,,R,0.429,0.308,4,6-4,18.0,2.5,5.5,Sean Kilpatrick,SG,1.5,29843,789725,0.5,MIN,14.6,2015,0.65
678,1.0,1.5,R,1.0,0.344,1,6-2,3.0,15.3,2.0,Briante Weber,PG,1.0,12355,0,0.0,MIA,15.2,2016,0.0
